id,title,term,left,keyword,right
3,ROUGE ET NOIR.,soul,,soul,wilt thou toss hazard hundreds lost
3,ROUGE ET NOIR.,soul,record thee imps eager caucus raffle,soul,
13,EXCLUSION.,soul,,soul,selects society shuts door divine majority
30,SUSPENSE.,soul,room friend await felicity doom fortitude,soul,contains endure accent coming foot opening
39,RENUNCIATION.,soul,common went abroad flowers accustomed blew,soul,solstice passed maketh things new time
46,MAY-FLOWER.,soul,known knoll next robin every human,soul,bold little beauty bedecked thee nature
78,ASTRA CASTRA.,soul,two worlds like audiences disperse leave,soul,alone
82,SETTING SAIL.,soul,exultation going inland,soul,sea past houses past headlands deep
110,EMANCIPATION.,soul,rack torture,soul,liberty behind mortal bone knits bolder
115,"I never lost as much but twice,",soul,word thought deed might help single,soul,truly helen jackson portfolios '' found
121,HOPE.,soul,hope thing feathers perches,soul,sings tune without words never stops
122,THE WHITE HEAT.,soul,dare see,soul,white heat crouch within door red
130,The soul unto itself,soul,,soul,unto imperial friend agonizing spy enemy
130,The soul unto itself,soul,could send secure treason fear sovereign,soul,stand awe
135,A thought went up my mind to-day,soul,second time definitely art say somewhere,soul,know met thing reminded came way
151,SIGHT.,soul,news would strike dead safer guess,soul,upon creatures put eyes incautious sun
158,REMORSE.,soul,departed acts window door past set,soul,lighted match perusal facilitate condensed despatch
159,THE SHELTER.,soul,alway ajar secure inviting never betray,soul,asked shelter timid honesty
246,"I read my sentence steadily,",soul,shame pious form god mercy '',soul,jury voted made soul familiar extremity
246,"I read my sentence steadily,",soul,mercy '' soul jury voted made,soul,familiar extremity last novel agony death
265,I lived on dread; to those who know,soul,stimulus danger impetus numb spur upon,soul,fear urge go without spectre aid
266,"If I should die,",soul,briskly fly makes parting tranquil keeps,soul,serene gentlemen sprightly conduct pleasing scene
283,SUPERIORITY TO FATE.,soul,conferred possible earn pittance time surprise,soul,strict economy subsists till paradise
299,A BOOK.,soul,oppress toll frugal chariot bears human,soul,
317,I have a king who does not speak;,soul,sky bells keep saying 'victory steeples,soul,little bird within orchard heard omit
331,DESIRE.,soul,goal nearer lest reality disenthrall thy,soul,
340,LOVE'S HUMILITY.,soul,creed undivine abode elect content conform,soul,church unto sacrament
342,SATISFIED.,soul,want cold phantasms become new value,soul,supremest earthly sum heaven heaven obscured
348,FORGOTTEN.,soul,marksman accomplished shot time sublimest target,soul,'forgot
349,I've got an arrow here;,soul,dart revere fell say 'skirmish vanquished,soul,know simple arrow sped archer bow
350,THE MASTER.,soul,deals one imperial thunderbolt scalps naked,soul,
419,"I felt a funeral in my brain,",soul,numb heard lift box creak across,soul,boots lead space began toll heavens
428,"The soul should always stand ajar,",soul,,soul,always stand ajar heaven inquire obliged
432,JOY IN DEATH.,soul,tolling bell ask cause,soul,gone god answered lonesome tone heaven
432,JOY IN DEATH.,soul,heaven sad bells joyful ring tell,soul,gone heaven would seem proper way
448,ETERNITY.,soul,could mortal lip divine dare see,soul,white heat dear march come death
448,ETERNITY.,soul,fair things fly fragile winter winds,soul,wilt thou toss south winds jostle
448,ETERNITY.,soul,keep secret sky low clouds mean,soul,selects society soul always stand ajar
448,ETERNITY.,soul,low clouds mean soul selects society,soul,always stand ajar soul unto spider
448,ETERNITY.,soul,selects society soul always stand ajar,soul,unto spider artist springtime pallid landscape
