id,title,top_terms
1,SUCCESS.,"clear:0.470, ne'er:0.247, triumph:0.235, counted:0.235, strains:0.235, success:0.235, sweetest:0.226, forbidden:0.226, flag:0.219, host:0.207, victory:0.202, dying:0.198, distant:0.198, need:0.194, break:0.190"
2,"Our share of night to bear,","share:0.532, blank:0.532, star:0.423, lose:0.240, bear:0.219, bliss:0.215, morning:0.171, way:0.171, night:0.155, day:0.142"
3,ROUGE ET NOIR.,"soul:0.458, record:0.381, breathless:0.363, wilt:0.349, toss:0.349, thou:0.275, angels:0.271, lost:0.252, thee:0.239"
4,ROUGE GAGNE.,"defeat:0.321, joy:0.301, fail:0.301, bliss:0.270, oh:0.253, breath:0.253, death:0.204, life:0.185, throw:0.175, conjectured:0.175, waked:0.175, means:0.167, poverty:0.167, gained:0.160, repeat:0.160"
5,Glee! The great storm is over!,"children:0.353, story:0.241, question:0.229, toll:0.229, scant:0.220, ring:0.220, reply:0.213, winter:0.207, neighbor:0.207, sand:0.207, souls:0.207, silence:0.202, glee:0.202, storm:0.197, great:0.189"
6,"If I can stop one heart from breaking,","live:0.437, shall:0.353, fainting:0.279, aching:0.279, ease:0.265, help:0.239, nest:0.239, breaking:0.239, stop:0.233, robin:0.228, cool:0.223, pain:0.204, heart:0.188, unto:0.180, life:0.147"
7,ALMOST!,"soft:0.490, violets:0.307, ago:0.271, touched:0.251, fields:0.245, village:0.240, hour:0.236, reach:0.236, late:0.232, lie:0.232, low:0.218, passed:0.212, fingers:0.203, way:0.187, away:0.153"
8,"A wounded deer leaps highest,","spy:0.245, blood:0.245, highest:0.245, brake:0.245, steel:0.245, mail:0.245, wounded:0.245, deer:0.234, leaps:0.234, arm:0.234, rock:0.225, 're:0.211, hurt:0.211, anybody:0.205, cheek:0.201"
9,"The heart asks pleasure first,","asks:0.420, pleasure:0.384, suffering:0.384, liberty:0.372, pain:0.308, sleep:0.303, die:0.284, heart:0.284, little:0.205"
10,IN A LIBRARY.,"wore:0.313, old:0.237, facts:0.177, mutual:0.177, shake:0.177, volumes:0.177, antique:0.177, mouldering:0.177, passage:0.177, living:0.177, unfold:0.177, certainty:0.168, ran:0.168, scholars:0.168, dress:0.162"
11,Much madness is divinest sense,"madness:0.596, sense:0.528, straightway:0.298, divinest:0.298, majority:0.284, 're:0.256, eye:0.204"
12,"I asked no other thing,","'':0.394, glance:0.346, smiled:0.346, merchant:0.346, offered:0.346, denied:0.317, asked:0.297, mighty:0.271, thing:0.240, way:0.212"
13,EXCLUSION.,"unmoved:0.424, nation:0.222, attention:0.222, shuts:0.222, chariot:0.222, mat:0.222, valves:0.222, selects:0.222, majority:0.212, notes:0.212, emperor:0.212, gate:0.197, society:0.197, choose:0.191, divine:0.182"
14,THE SECRET.,"things:0.536, riddle:0.305, grief:0.284, hours:0.275, rise:0.262, stay:0.262, lies:0.256, skies:0.235, fly:0.235, hills:0.228, eternity:0.228, birds:0.214"
15,THE LONELY HOUSE.,"ajar:0.276, '':0.266, look:0.184, sneer:0.156, walls:0.156, mice:0.156, aware:0.156, lonely:0.156, barred:0.156, inviting:0.156, sleeping:0.156, astir:0.156, wooden:0.156, mat:0.156, orderly:0.149"
16,"To fight aloud is very brave,","rank:0.449, observe:0.254, procession:0.254, aloud:0.254, bosom:0.241, fight:0.241, charge:0.232, brave:0.224, woe:0.224, trust:0.218, country:0.212, fall:0.212, dying:0.203, snow:0.183, angels:0.180"
17,DAWN.,"frightened:0.293, smooth:0.293, faded:0.279, ready:0.279, dimples:0.279, grows:0.268, midnight:0.259, hair:0.252, sunrise:0.234, hour:0.226, wonder:0.226, care:0.222, touch:0.222, near:0.215, old:0.196"
18,THE BOOK OF MARTYRS.,"till:0.324, read:0.318, helped:0.203, renounced:0.203, faithful:0.203, record:0.203, hymn:0.203, river:0.193, kingdom:0.193, renown:0.193, clear:0.193, strains:0.193, witness:0.186, strove:0.186, celestial:0.186"
19,THE MYSTERY OF PAIN.,"pain:0.413, contain:0.282, realms:0.282, enlightened:0.282, future:0.282, periods:0.269, element:0.269, blank:0.269, began:0.258, recollect:0.250, infinite:0.242, past:0.231, new:0.181, day:0.143"
20,"I taste a liquor never brewed,","leaning:0.214, drams:0.214, hats:0.214, endless:0.214, tankards:0.214, yield:0.214, debauchee:0.214, scooped:0.214, seraphs:0.204, liquor:0.204, brewed:0.204, drink:0.196, taste:0.196, run:0.189, saints:0.189"
21,A BOOK.,"spirit:0.419, frame:0.277, danced:0.277, ate:0.264, drank:0.264, precious:0.253, words:0.245, liberty:0.245, grew:0.238, wings:0.238, poor:0.232, book:0.226, dust:0.226, days:0.206, knew:0.190"
22,"I had no time to hate, because","love:0.396, time:0.341, toil:0.312, industry:0.312, finish:0.297, hinder:0.297, hate:0.286, large:0.261, ample:0.245, grave:0.232, thought:0.200, life:0.165, little:0.152"
23,UNRETURNING.,"greedy:0.480, gallant:0.480, little:0.351, coast:0.240, wave:0.240, boat:0.228, bay:0.228, guessed:0.220, stately:0.212, sails:0.206, lost:0.159, sea:0.145, away:0.120"
24,"Whether my bark went down at sea,","errand:0.309, bent:0.309, isles:0.309, enchanted:0.309, bay:0.294, bark:0.294, gales:0.273, sails:0.265, docile:0.258, held:0.242, met:0.242, eye:0.211, went:0.196, sea:0.187"
25,"Belshazzar had a letter, â","belshazzar:0.686, revelation:0.343, wall:0.314, letter:0.295, immortal:0.280, begun:0.274, read:0.269"
26,The brain within its groove,"slit:0.318, floods:0.318, groove:0.318, scooped:0.318, ii:0.302, runs:0.291, easier:0.266, water:0.260, brain:0.260, true:0.260, let:0.236, hills:0.226, love:0.202"
27,MINE.,"repeal:0.289, prison:0.289, election:0.289, delirious:0.275, steal:0.275, sign:0.264, ages:0.264, seal:0.264, vision:0.255, bars:0.248, scarlet:0.248, royal:0.242, right:0.226, white:0.215, grave:0.215"
28,BEQUEST.,"left:0.475, legacies:0.324, consciousness:0.309, offer:0.309, heavenly:0.287, content:0.271, father:0.237, pain:0.237, eternity:0.231, sweet:0.212, love:0.206, sea:0.196, time:0.177"
29,Alter? When the hills do.,"alter:0.385, question:0.367, daffodil:0.352, doth:0.341, glory:0.341, perfect:0.315, hills:0.274, dew:0.267, friend:0.264, sun:0.214"
30,SUSPENSE.,"room:0.539, felicity:0.330, elysium:0.330, doom:0.302, nearest:0.292, foot:0.264, coming:0.258, friend:0.226, far:0.218, door:0.207, soul:0.198"
31,SURRENDER.,"thee:0.429, humble:0.228, stint:0.228, companion:0.228, forever:0.217, ceded:0.217, farthest:0.208, delight:0.196, doubt:0.196, quick:0.196, dwell:0.191, thine:0.191, content:0.191, degree:0.186, dust:0.186"
32,"If you were coming in the fall,","half:0.313, time:0.209, sting:0.192, brush:0.192, wing:0.192, housewives:0.192, uncertain:0.192, spurn:0.182, separate:0.182, delayed:0.182, length:0.182, count:0.182, balls:0.182, state:0.175, ignorant:0.175"
33,WITH A FLOWER.,"unsuspecting:0.511, hide:0.452, flower:0.359, loneliness:0.255, fading:0.255, wearing:0.255, breast:0.209, wear:0.209, feel:0.200, rest:0.182, angels:0.182, know:0.130"
34,PROOF.,"love:0.597, thee:0.296, life:0.249, proof:0.235, offer:0.224, dost:0.224, alway:0.224, calvary:0.208, hath:0.202, doubt:0.202, bring:0.197, immortality:0.181, thou:0.170, sweet:0.154, shall:0.149"
35,"Have you got a brook in your little heart,","brook:0.550, little:0.313, life:0.169, overflow:0.160, burning:0.160, blushing:0.160, parching:0.160, bridges:0.160, snows:0.160, rivers:0.160, dry:0.152, shadows:0.152, hurrying:0.152, blow:0.152, august:0.147"
36,TRANSPLANTED.,"flower:0.339, inference:0.241, firmaments:0.241, polar:0.241, tongue:0.241, little:0.236, wandering:0.230, arctic:0.230, latitudes:0.230, puzzled:0.230, strange:0.214, wandered:0.207, bright:0.207, eden:0.202, foreign:0.197"
37,THE OUTLET.,"river:0.455, sea:0.435, thee:0.300, welcome:0.239, fetch:0.239, waits:0.239, brooks:0.219, spotted:0.219, runs:0.219, wilt:0.219, reply:0.212, blue:0.181, oh:0.173, say:0.152, look:0.141"
38,IN VAIN.,"life:0.238, pale:0.150, rang:0.150, oceans:0.150, served:0.150, crack:0.150, closer:0.150, excellence:0.150, putting:0.150, sexton:0.150, newer:0.150, apart:0.143, jesus:0.143, self:0.143, homesick:0.143"
39,RENUNCIATION.,"page:0.473, bound:0.246, hours:0.222, time:0.211, new:0.165, sufficient:0.129, troth:0.129, wardrobe:0.129, slid:0.129, symbol:0.129, greedy:0.129, tight:0.129, decks:0.129, opposing:0.129, external:0.129"
40,LOVE'S BAPTISM.,"choose:0.298, finished:0.277, dropped:0.272, small:0.258, time:0.189, using:0.173, spools:0.173, supremest:0.173, crowned:0.173, string:0.173, erect:0.165, adequate:0.165, diadem:0.165, ceded:0.165, childhood:0.165"
41,RESURRECTION.,"heaven:0.263, time:0.250, heavens:0.229, fleshless:0.229, lifetime:0.229, apparelled:0.229, cherubim:0.229, beheld:0.218, interview:0.210, gaze:0.210, familiar:0.210, second:0.203, guest:0.192, privilege:0.192, host:0.192"
42,APOCALYPSE.,"wife:0.480, kind:0.252, comfort:0.252, eclipse:0.252, looks:0.252, safer:0.240, state:0.230, girl:0.230, stop:0.211, odd:0.206, soft:0.201, finished:0.201, woman:0.201, think:0.190, earth:0.187"
43,THE WIFE.,"abide:0.241, fathoms:0.241, weed:0.241, prospective:0.241, using:0.241, requirement:0.241, missed:0.230, honorable:0.230, wife:0.230, work:0.230, wore:0.214, lay:0.207, pearl:0.202, awe:0.202, gold:0.193"
44,APOTHEOSIS.,"counts:0.306, fainting:0.306, iii:0.292, bashful:0.271, chamber:0.263, slowly:0.263, eden:0.256, lips:0.245, thy:0.236, late:0.232, round:0.228, flower:0.215, lost:0.203, thee:0.193, bee:0.193"
45,"New feet within my garden go,","new:0.606, solitude:0.237, troubadour:0.237, sod:0.225, pensive:0.225, weary:0.225, punctual:0.216, garden:0.209, green:0.203, spring:0.198, stir:0.189, children:0.173, sleep:0.171, snow:0.171, play:0.166"
46,MAY-FLOWER.,"knoll:0.291, beauty:0.277, covert:0.277, punctual:0.267, pink:0.267, moss:0.267, april:0.258, bold:0.244, robin:0.238, human:0.233, known:0.233, dear:0.228, small:0.217, low:0.207, thee:0.183"
47,WHY?,"ask:0.422, tell:0.308, sneer:0.274, murmur:0.261, artist:0.251, breaking:0.236, drew:0.230, easier:0.230, anybody:0.230, degree:0.224, hill:0.211, care:0.207, red:0.201, die:0.186, bee:0.172"
48,Perhaps you'd like to buy a flower?,"rows:0.318, draw:0.303, bonnet:0.291, buy:0.291, daffodil:0.291, like:0.286, clover:0.273, beneath:0.266, village:0.249, hour:0.245, yellow:0.245, bees:0.230, flower:0.223, door:0.200"
49,The pedigree of honey,"pedigree:0.553, honey:0.506, clover:0.475, bee:0.348, time:0.302"
50,A SERVICE OF SONG.,"instead:0.415, sabbath:0.395, church:0.356, going:0.325, sexton:0.207, getting:0.207, tolling:0.197, bobolink:0.197, sings:0.190, dome:0.190, wings:0.178, orchard:0.178, bell:0.174, wear:0.169, home:0.148"
51,"The bee is not afraid of me,","wherefore:0.530, mists:0.252, breezes:0.242, brooks:0.242, laugh:0.234, afraid:0.222, pretty:0.222, butterfly:0.216, people:0.212, thy:0.204, silver:0.200, woods:0.200, play:0.186, bee:0.166, eyes:0.162"
52,SUMMER'S ARMIES.,"stand:0.264, old:0.244, sun:0.204, fence:0.183, orchis:0.183, train:0.183, bestir:0.183, cashmere:0.183, bog:0.174, murmuring:0.174, flakes:0.167, lover:0.167, seas:0.167, pools:0.162, vision:0.162"
53,THE GRASS.,"grass:0.251, duchess:0.181, entertain:0.181, bow:0.181, fetch:0.181, brood:0.181, barns:0.181, little:0.177, hay:0.173, dies:0.173, breezes:0.166, lap:0.166, pearls:0.166, spices:0.166, tunes:0.166"
54,"A little road not made of man,","enabled:0.372, bears:0.357, sigh:0.319, butterfly:0.319, road:0.300, town:0.290, eye:0.267, man:0.264, say:0.248, bee:0.245, way:0.239, little:0.191"
55,SUMMER SHOWER.,"help:0.333, went:0.246, signed:0.194, lutes:0.194, conjectured:0.194, threw:0.194, away:0.193, apple:0.184, eaves:0.184, roads:0.184, breezes:0.177, pearls:0.177, brought:0.177, orchards:0.171, roof:0.171"
56,PSALM OF THE DAY.,"summer:0.406, bright:0.243, thought:0.182, prize:0.142, tropic:0.142, crag:0.142, caravan:0.142, flambeaux:0.142, stirred:0.142, signal:0.142, homely:0.142, guides:0.142, tale:0.135, unexpected:0.135, veil:0.135"
57,THE SEA OF SUNSET.,"night:0.356, washes:0.322, banks:0.322, dip:0.322, horizons:0.306, sails:0.276, mystery:0.269, sunset:0.269, yellow:0.247, rose:0.229, land:0.226, purple:0.215, sea:0.195"
58,PURPLE CLOVER.,"doth:0.273, sun:0.172, cancelled:0.154, public:0.154, spice:0.154, bravest:0.154, proclaimed:0.154, orchis:0.154, prefer:0.154, capacity:0.154, ruddier:0.154, newer:0.154, aware:0.154, fashions:0.147, jealousy:0.147"
59,THE BEE.,"bee:0.271, clovers:0.216, chant:0.216, experience:0.216, jar:0.216, chrysoprase:0.216, gauze:0.216, assault:0.216, tracks:0.216, cars:0.216, labor:0.216, idleness:0.206, velvet:0.206, trains:0.206, plush:0.191"
60,Presentiment is that long shadow on the lawn,"suns:0.412, shadow:0.412, presentiment:0.412, lawn:0.354, notice:0.345, pass:0.297, grass:0.285, long:0.278"
61,"As children bid the guest good-night,","flowers:0.400, children:0.374, merry:0.255, nightgowns:0.255, bid:0.255, reluctant:0.243, raise:0.243, peep:0.243, wake:0.234, caper:0.234, pretty:0.214, turn:0.214, guest:0.214, lips:0.204, morn:0.200"
62,Angels in the early morning,"plucking:0.420, flying:0.420, stooping:0.404, angels:0.314, seen:0.306, belong:0.210, smiling:0.210, sands:0.202, dews:0.202, early:0.173, flowers:0.173, bear:0.173, morning:0.135, sun:0.123"
63,"So bashful when I spied her,","betrayed:0.267, struggling:0.267, blushing:0.267, robbed:0.254, breathless:0.254, ashamed:0.254, doubtless:0.244, bashful:0.236, spied:0.229, turned:0.229, bore:0.223, pretty:0.223, anybody:0.223, ask:0.205, simple:0.198"
64,TWO WORLDS.,"misery:0.272, mornings:0.272, flame:0.272, seasons:0.249, brooks:0.249, blossom:0.249, noons:0.249, calvary:0.241, difference:0.241, split:0.234, passing:0.228, judgment:0.222, fit:0.213, abroad:0.209, makes:0.206"
65,THE MOUNTAIN.,"prayed:0.363, chair:0.346, sat:0.332, seasons:0.332, mountain:0.321, plain:0.304, dawn:0.297, round:0.270, days:0.270, children:0.266, like:0.163"
66,A DAY.,"'':0.245, sun:0.240, stile:0.215, climbing:0.215, bonnets:0.215, squirrels:0.215, reached:0.205, amethyst:0.205, gently:0.205, ran:0.205, girls:0.197, led:0.190, boys:0.190, bars:0.185, steeples:0.185"
67,"The butterfly's assumption-gown,","buttercups:0.398, chrysoprase:0.398, descend:0.379, hung:0.342, butterfly:0.325, afternoon:0.301, town:0.296, friend:0.272, new:0.255"
68,THE WIND.,"boughs:0.347, round:0.258, sky:0.222, gods:0.173, chant:0.173, outcast:0.173, seamless:0.173, caravan:0.173, despatched:0.173, fleshless:0.173, phraseless:0.173, brush:0.173, permitted:0.159, charge:0.159, melody:0.159"
69,DEATH AND LIFE.,"passes:0.315, assassin:0.315, blond:0.299, apparently:0.299, unmoved:0.299, surprise:0.278, measure:0.278, happy:0.257, frost:0.252, power:0.247, play:0.221, flower:0.221, god:0.186, sun:0.175, day:0.159"
70,'T was later when the summer went,"cricket:0.450, came:0.341, went:0.312, pendulum:0.246, pathetic:0.246, gentle:0.234, meant:0.225, nought:0.218, clock:0.218, winter:0.211, later:0.206, keeps:0.201, going:0.193, home:0.175, knew:0.168"
71,INDIAN SUMMER.,"thy:0.377, days:0.365, oh:0.354, old:0.219, belief:0.163, bread:0.163, partake:0.163, haze:0.163, join:0.163, mistake:0.156, taste:0.150, witness:0.150, altered:0.150, leaf:0.145, sacrament:0.145"
72,AUTUMN.,"trinket:0.266, scarf:0.266, wears:0.266, maple:0.266, berry:0.266, meeker:0.266, nuts:0.266, getting:0.266, field:0.253, morns:0.243, brown:0.235, scarlet:0.228, cheek:0.217, gown:0.213, town:0.198"
73,BECLOUDED.,"barn:0.340, flake:0.340, diadem:0.324, travelling:0.311, mean:0.301, clouds:0.285, narrow:0.272, snow:0.246, low:0.242, wind:0.242, sky:0.218, nature:0.205, day:0.173, like:0.153"
74,THE HEMLOCK.,"hemlock:0.395, wines:0.207, races:0.207, satisfies:0.207, instinct:0.207, suits:0.207, nutriment:0.207, wilderness:0.198, slake:0.198, satin:0.198, necessity:0.198, likes:0.198, sweetest:0.190, run:0.184, nought:0.184"
75,"There's a certain slant of light,","internal:0.212, gives:0.212, scar:0.212, slant:0.212, afternoons:0.212, iv:0.202, weight:0.202, shadows:0.202, certain:0.194, tunes:0.194, seal:0.194, like:0.191, landscape:0.188, heavenly:0.188, difference:0.188"
76,"One dignity delays for all,","claim:0.234, dignity:0.234, hats:0.234, surpassing:0.222, throng:0.222, delays:0.222, raise:0.222, service:0.214, state:0.214, present:0.207, pause:0.207, grand:0.207, crown:0.207, ride:0.207, rank:0.207"
77,TOO LATE.,"delayed:0.329, hour:0.266, oh:0.249, till:0.184, pace:0.173, surrendered:0.173, crowned:0.173, lagging:0.173, apparelled:0.173, climbed:0.173, bosom:0.165, vest:0.165, departing:0.158, loving:0.158, guessed:0.158"
78,ASTRA CASTRA.,"worlds:0.276, leaning:0.276, looking:0.276, surrendered:0.276, cancelled:0.276, flesh:0.262, creation:0.252, like:0.248, departed:0.244, clouds:0.231, leave:0.225, judgment:0.225, begun:0.220, great:0.216, mighty:0.216"
79,"Safe in their alabaster chambers,","surrender:0.190, scoop:0.190, stolid:0.190, cadence:0.190, sagacity:0.190, worlds:0.190, firmaments:0.190, chambers:0.190, soundless:0.181, row:0.181, diadems:0.181, resurrection:0.181, alabaster:0.181, safe:0.181, pipe:0.181"
80,"On this long storm the rainbow rose,","rose:0.327, syllables:0.230, listless:0.230, daybreak:0.230, bestir:0.230, heedless:0.219, smiling:0.219, horizons:0.219, nests:0.210, alas:0.210, shone:0.210, gales:0.203, clouds:0.192, rainbow:0.192, storm:0.188"
81,FROM THE CHRYSALIS.,"baffle:0.241, tightens:0.241, capacity:0.241, cocoon:0.230, tease:0.230, sweeps:0.230, majesty:0.221, colors:0.221, sign:0.221, dress:0.221, hint:0.214, meadows:0.214, wings:0.207, easy:0.202, butterfly:0.197"
82,SETTING SAIL.,"past:0.476, league:0.291, deep:0.291, exultation:0.291, understand:0.277, sailor:0.258, mountains:0.250, houses:0.238, divine:0.238, going:0.228, eternity:0.207, land:0.205, sea:0.177, soul:0.175"
83,"Look back on time with kindly eyes,","trembling:0.368, kindly:0.353, doubtless:0.353, west:0.323, human:0.309, softly:0.287, best:0.283, eyes:0.236, nature:0.232, look:0.228, sun:0.215, time:0.211"
84,"A train went through a burial gate,","sang:0.434, adjusted:0.253, train:0.253, rang:0.253, burial:0.240, quivered:0.240, notes:0.240, shook:0.231, doubtless:0.231, broke:0.223, gate:0.223, forth:0.211, meet:0.180, men:0.163, thought:0.162"
85,"I died for beauty, but was scarce","truth:0.391, beauty:0.391, died:0.311, '':0.234, kinsmen:0.205, talked:0.205, adjusted:0.205, reached:0.196, rooms:0.196, names:0.188, tomb:0.188, moss:0.188, lain:0.182, scarce:0.182, failed:0.172"
86,"""TROUBLED ABOUT MANY THINGS.""","try:0.334, lift:0.309, cobweb:0.189, freckled:0.189, hot:0.189, soldered:0.189, thimble:0.189, listless:0.189, steel:0.189, buzz:0.180, staggered:0.180, pane:0.180, flies:0.180, brave:0.167, housewife:0.167"
87,REAL.,"beads:0.297, glaze:0.297, simulate:0.297, homely:0.297, convulsion:0.297, impossible:0.283, throe:0.272, agony:0.255, true:0.243, forehead:0.238, anguish:0.229, men:0.192, eyes:0.182, look:0.176, death:0.173"
88,THE FUNERAL.,"potential:0.338, renown:0.321, spurn:0.321, bustle:0.309, beggar:0.282, short:0.282, stir:0.270, unknown:0.265, power:0.265, oh:0.243, thou:0.243, make:0.234, death:0.196"
89,"I went to thank her,","slept:0.458, thank:0.425, went:0.305, nosegays:0.240, turning:0.229, cross:0.229, thrown:0.213, bed:0.207, alive:0.207, short:0.201, foot:0.192, head:0.179, stone:0.179, slow:0.169, sea:0.146"
90,I've seen a dying eye,"round:0.478, seen:0.445, blessed:0.321, soldered:0.321, fog:0.321, run:0.284, room:0.263, dying:0.257, eye:0.220"
91,REFUGE.,"mice:0.276, backs:0.276, safe:0.263, thunder:0.253, north:0.253, forests:0.253, push:0.253, like:0.248, laid:0.244, lightning:0.244, clouds:0.231, good:0.221, begun:0.221, fell:0.221, comes:0.217"
92,"I never saw a moor,","saw:0.484, chart:0.289, looks:0.289, wave:0.289, spoke:0.289, moor:0.265, visited:0.265, certain:0.265, spot:0.242, given:0.227, sea:0.175, god:0.171, heaven:0.166, know:0.148"
93,PLAYMATES.,"angels:0.362, god:0.301, playing:0.254, dreary:0.254, calls:0.254, afternoons:0.254, straightway:0.254, permits:0.254, industrious:0.242, missed:0.242, setting:0.225, crown:0.225, forgot:0.218, met:0.199, home:0.181"
94,To know just how he suffered would be dear;,"know:0.332, human:0.260, love:0.207, day:0.165, blest:0.163, grow:0.163, fluttered:0.163, ill:0.163, wishes:0.163, spoke:0.163, tranquil:0.155, settled:0.155, suffered:0.155, firm:0.155, consciousness:0.155"
95,"The last night that she lived,","things:0.288, night:0.190, exist:0.172, minds:0.172, placed:0.172, mentioned:0.172, bent:0.172, overlooked:0.172, leisure:0.164, quite:0.164, finish:0.164, smallest:0.164, erect:0.164, arose:0.164, length:0.164"
96,THE FIRST LESSON.,"suits:0.288, sweeter:0.274, wise:0.274, learned:0.263, rare:0.263, shelf:0.263, sounds:0.247, choose:0.247, book:0.235, leave:0.235, read:0.225, skies:0.211, world:0.205, place:0.199, said:0.199"
97,The bustle in a house,"enacted:0.348, putting:0.348, use:0.331, bustle:0.318, want:0.299, earth:0.259, eternity:0.248, house:0.244, heart:0.235, love:0.221, shall:0.221, morning:0.213, death:0.203, away:0.174"
98,"I reason, earth is short,","reason:0.714, absolute:0.250, vitality:0.250, decay:0.238, hurt:0.215, short:0.209, given:0.196, anguish:0.192, earth:0.186, best:0.183, die:0.169, new:0.160, heaven:0.143"
99,Afraid? Of whom am I afraid?,"afraid:0.629, decree:0.238, resurrection:0.238, deity:0.238, crown:0.222, trust:0.215, soon:0.210, odd:0.205, forehead:0.200, east:0.200, morn:0.196, father:0.183, fear:0.178, thing:0.174, death:0.146"
100,DYING.,"kept:0.510, setting:0.350, house:0.278, perceived:0.198, dusk:0.181, hue:0.181, awake:0.170, wandered:0.170, afraid:0.166, stopped:0.162, forehead:0.158, sound:0.158, dying:0.158, village:0.155, afternoon:0.150"
101,Two swimmers wrestled on the spar,"raised:0.260, waters:0.260, stray:0.260, swimmers:0.260, wrestled:0.260, ships:0.248, borne:0.248, spar:0.248, smiling:0.248, thrown:0.230, turned:0.223, spied:0.223, passing:0.218, hands:0.204, land:0.183"
102,THE CHARIOT.,"passed:0.380, scarcely:0.335, horses:0.183, paused:0.183, shorter:0.183, played:0.183, labor:0.183, drove:0.183, visible:0.183, haste:0.183, leisure:0.174, school:0.167, kindly:0.167, heads:0.167, setting:0.162"
103,She went as quiet as the dew,"dew:0.479, believe:0.329, accustomed:0.329, familiar:0.316, quiet:0.282, hour:0.266, star:0.261, softly:0.257, flower:0.242, went:0.219, summer:0.198, like:0.155"
104,RESURGAM.,"past:0.679, identified:0.277, lamps:0.277, midnight:0.245, ah:0.222, sunrise:0.222, thy:0.213, star:0.209, rest:0.197, feet:0.169, morning:0.169, life:0.146, day:0.141"
105,"Except to heaven, she is nought;","unnoticed:0.252, somebody:0.240, blown:0.240, lone:0.240, smallest:0.240, acre:0.231, existence:0.231, superfluous:0.223, nought:0.223, housewife:0.223, lawn:0.217, lies:0.202, butterflies:0.194, winds:0.191, single:0.191"
106,Death is a dialogue between,"spirit:0.518, death:0.399, '':0.260, dialogue:0.229, laying:0.229, says:0.229, dissolve:0.229, clay:0.218, turns:0.218, evidence:0.202, sir:0.196, trust:0.196, ground:0.187, dust:0.187, away:0.114"
107,"It was too late for man,","god:0.365, excellent:0.309, hospitable:0.309, remained:0.294, creation:0.282, help:0.265, neighbor:0.265, early:0.242, prayer:0.233, late:0.233, earth:0.229, man:0.209, old:0.206, face:0.181, heaven:0.177"
108,ALONG THE POTOMAC.,"boy:0.407, woman:0.368, bullets:0.230, conduct:0.230, seasons:0.210, proud:0.203, turned:0.198, slowly:0.198, forth:0.192, brain:0.188, victory:0.188, imperial:0.184, paradise:0.174, died:0.174, round:0.171"
109,"The daisy follows soft the sun,","thou:0.285, flower:0.277, '':0.225, sun:0.220, flight:0.198, decline:0.198, forgive:0.198, follows:0.198, sits:0.198, wherefore:0.198, waking:0.198, amethyst:0.188, steal:0.188, daisy:0.181, walk:0.181"
110,EMANCIPATION.,"liberty:0.418, thyself:0.236, flee:0.236, eagle:0.236, torture:0.236, bind:0.236, consciousness:0.225, rack:0.225, bolder:0.225, enemy:0.216, bone:0.203, nest:0.203, easier:0.198, saw:0.198, mortal:0.198"
111,LOST.,"rich:0.316, frugal:0.301, row:0.301, bound:0.301, sir:0.272, notice:0.265, anybody:0.265, forehead:0.253, stars:0.243, oh:0.228, world:0.225, eye:0.216, man:0.214, lost:0.209, know:0.161"
112,If I shouldn't be alive,"trying:0.357, memorial:0.357, asleep:0.340, crumb:0.316, lip:0.316, thank:0.316, alive:0.307, robins:0.299, red:0.262, come:0.211, know:0.182"
113,"Sleep is supposed to be,","supposed:0.435, sleep:0.343, day:0.241, station:0.226, gay:0.218, witness:0.218, grand:0.210, breaking:0.204, souls:0.204, degree:0.194, east:0.190, people:0.190, morn:0.186, break:0.183, red:0.174"
114,"I shall know why, when time is over,","anguish:0.400, wonder:0.400, shall:0.330, promised:0.260, christ:0.260, explain:0.260, separate:0.247, ceased:0.230, woe:0.230, forget:0.212, fair:0.190, drop:0.187, sky:0.166, tell:0.146, time:0.142"
115,"I never lost as much but twice,","poems:0.337, '':0.302, emily:0.295, dickinson:0.295, verses:0.221, friends:0.195, volume:0.133, form:0.126, twice:0.121, words:0.117, letter:0.114, thought:0.113, best:0.097, life:0.093, friend:0.091"
116,I'm nobody! Who are you?,"tell:0.436, public:0.388, dreary:0.388, somebody:0.370, bog:0.370, pair:0.355, know:0.198, day:0.197, like:0.175"
117,I bring an unaccustomed wine,"haply:0.311, lips:0.262, unto:0.212, '':0.186, unaccustomed:0.164, brimming:0.164, tardy:0.164, parching:0.164, summon:0.164, pilgrim:0.164, mould:0.164, slake:0.156, remained:0.156, attempt:0.156, warm:0.150"
118,"The nearest dream recedes, unrealized.","bee:0.284, invites:0.226, unrealized:0.226, recedes:0.226, steadfast:0.226, chase:0.215, flies:0.215, heedless:0.215, race:0.215, homesick:0.215, rare:0.206, honey:0.206, boy:0.200, nearest:0.200, clover:0.194"
119,"We play at paste,","paste:0.619, ourself:0.310, learned:0.283, sands:0.283, deem:0.266, pearl:0.259, hands:0.243, drop:0.223, play:0.217, new:0.198, till:0.165"
120,I found the phrase to every thought,"cochineal:0.355, begin:0.355, phrase:0.355, races:0.355, blaze:0.314, dark:0.314, try:0.314, noon:0.232, hand:0.230, thought:0.228, sun:0.198"
121,HOPE.,"heard:0.337, extremity:0.246, sore:0.246, stops:0.246, strangest:0.246, warm:0.225, sweetest:0.225, sings:0.225, words:0.218, feathers:0.218, crumb:0.218, asked:0.211, kept:0.211, hope:0.201, storm:0.201"
122,THE WHITE HEAT.,"blaze:0.402, light:0.297, substance:0.227, unanointed:0.227, impatient:0.227, symbol:0.227, flame:0.227, tint:0.227, soundless:0.216, quivering:0.216, heat:0.208, finer:0.201, color:0.201, common:0.185, stands:0.178"
123,TRIUMPHANT.,"brow:0.223, soldier:0.223, flagons:0.223, unprepared:0.223, pizarro:0.223, bullets:0.223, scar:0.223, climbed:0.223, league:0.223, write:0.212, weary:0.212, emperor:0.212, overcome:0.212, taken:0.212, colors:0.204"
124,THE TEST.,"carry:0.250, breaks:0.250, giants:0.238, wade:0.238, pebble:0.238, liquor:0.238, push:0.228, wilt:0.228, hang:0.221, used:0.221, drunken:0.221, grief:0.221, pools:0.221, joy:0.214, smile:0.209"
125,ESCAPE.,"hear:0.394, expectation:0.269, tug:0.269, blood:0.269, attitude:0.269, soldiers:0.256, childish:0.256, escape:0.256, broad:0.256, flying:0.256, bars:0.231, fail:0.231, sudden:0.220, word:0.215, '':0.153"
126,COMPENSATION.,"ratio:0.322, pay:0.322, ecstatic:0.322, sharp:0.306, quivering:0.306, tears:0.295, beloved:0.295, instant:0.269, years:0.257, ecstasy:0.257, anguish:0.248, hour:0.248"
127,THE MARTYRS.,"needle:0.227, meteor:0.227, temptation:0.227, trod:0.227, expectation:0.227, convulsion:0.227, playing:0.227, polar:0.227, troth:0.227, bound:0.216, straight:0.208, north:0.208, suffering:0.208, faces:0.201, stately:0.201"
128,A PRAYER.,"large:0.270, prayer:0.244, heaven:0.185, scan:0.161, withdrew:0.161, honest:0.161, showed:0.161, stole:0.161, threw:0.161, suffice:0.161, prayed:0.161, cherubim:0.161, wise:0.153, needs:0.153, jehovah:0.153"
129,The thought beneath so slight a film,"laces:0.427, film:0.427, slight:0.427, mists:0.406, beneath:0.357, seen:0.295, thought:0.273"
130,The soul unto itself,"soul:0.397, treason:0.330, spy:0.330, secure:0.314, enemy:0.302, sovereign:0.284, awe:0.276, imperial:0.264, stand:0.238, fear:0.235, friend:0.226, unto:0.214"
131,Surgeons must be very careful,"knife:0.449, careful:0.449, surgeons:0.449, stirs:0.411, fine:0.411, life:0.237"
132,THE RAILWAY TRAIN.,"stop:0.427, crawl:0.255, miles:0.255, valleys:0.255, pile:0.243, roads:0.243, chase:0.243, lap:0.233, punctual:0.233, like:0.229, step:0.225, mountains:0.219, docile:0.213, fit:0.200, hill:0.196"
133,THE SHOW.,"menagerie:0.562, neighbor:0.483, fair:0.411, play:0.394, went:0.356"
134,Delight becomes pictorial,"amber:0.465, pictorial:0.284, flits:0.284, impossible:0.271, viewed:0.271, mountain:0.252, delight:0.244, lies:0.227, gain:0.227, distance:0.223, given:0.223, fair:0.208, skies:0.208, pain:0.208, little:0.139"
135,A thought went up my mind to-day,"came:0.394, went:0.360, way:0.347, reminded:0.284, finish:0.271, art:0.260, second:0.251, met:0.223, mind:0.202, year:0.202, thing:0.197, thought:0.182, say:0.180, soul:0.171, time:0.155"
136,Is Heaven a physician?,"heaven:0.489, owe:0.426, heal:0.426, physician:0.426, speak:0.377, say:0.271"
137,THE RETURN.,"late:0.343, home:0.323, say:0.288, decades:0.227, descending:0.227, knock:0.216, brewed:0.216, transporting:0.216, unexpected:0.216, burn:0.208, better:0.201, dark:0.201, agony:0.195, turn:0.190, ecstasy:0.181"
138,"A poor torn heart, a tattered heart,","heart:0.367, noticed:0.320, tattered:0.181, torn:0.181, intent:0.181, barefoot:0.181, toil:0.181, sandals:0.181, descend:0.172, wandering:0.172, tenderly:0.172, carried:0.172, latitudes:0.172, lead:0.166, gathered:0.166"
139,TOO MUCH.,"fear:0.272, define:0.191, gethsemane:0.191, palm:0.191, justify:0.191, beggars:0.191, blamed:0.191, circuit:0.191, penurious:0.191, circumference:0.182, understand:0.182, defeat:0.175, scant:0.175, yesterday:0.169, calvary:0.169"
140,SHIPWRECK.,"tossed:0.417, spun:0.417, slipped:0.397, groped:0.208, smooth:0.208, ocean:0.198, delirious:0.198, stepped:0.184, drunken:0.184, sight:0.167, foot:0.167, ah:0.167, dropped:0.163, morn:0.163, break:0.160"
141,"Victory comes late,","god:0.272, starve:0.230, eagle:0.230, dine:0.230, oath:0.230, little:0.225, sparrows:0.219, tasted:0.219, suit:0.211, table:0.198, robins:0.193, golden:0.188, victory:0.188, keeps:0.188, high:0.184"
142,ENOUGH.,"crumb:0.378, smiles:0.213, starve:0.213, loaf:0.213, eat:0.213, luxury:0.213, rich:0.213, sparrow:0.213, plenty:0.203, earl:0.195, chance:0.195, miss:0.189, shows:0.189, deem:0.183, sovereign:0.183"
143,Experiment to me,"meat:0.384, presents:0.384, contain:0.384, squirrels:0.384, figure:0.366, experiment:0.352, tree:0.277, meet:0.273"
144,MY COUNTRY'S WARDROBE.,"'':0.394, attitude:0.346, change:0.346, suit:0.317, country:0.290, gown:0.277, fit:0.271, need:0.271, great:0.271, stars:0.266, sweet:0.227"
145,Faith is a fine invention,"prudent:0.538, gentlemen:0.538, fine:0.493, faith:0.422"
146,"Except the heaven had come so near,","lost:0.442, depart:0.318, hoped:0.318, loss:0.318, choose:0.287, distance:0.262, grace:0.253, hear:0.245, near:0.245, thought:0.214, door:0.210, come:0.198, heaven:0.192"
147,Portraits are to daily faces,"portraits:0.371, vest:0.353, satin:0.353, fine:0.339, sunshine:0.328, faces:0.328, west:0.310, evening:0.310, daily:0.303"
148,THE DUEL.,"pebble:0.364, twice:0.350, bold:0.320, large:0.320, fell:0.306, power:0.300, small:0.285, took:0.285, world:0.272, hand:0.248, went:0.243"
149,A shady friend for torrid days,"weaver:0.284, firmer:0.284, shady:0.284, higher:0.271, torrid:0.271, blame:0.260, thread:0.260, souls:0.244, easier:0.238, ah:0.227, east:0.227, hour:0.219, paradise:0.215, days:0.211, mind:0.202"
150,THE GOAL.,"life:0.232, expressed:0.220, converges:0.220, temerity:0.220, raiment:0.220, venture:0.209, brittle:0.209, centre:0.209, enables:0.209, goal:0.201, hopeless:0.201, scarcely:0.201, saints:0.194, exists:0.189, rainbow:0.184"
151,SIGHT.,"liked:0.397, eyes:0.364, creatures:0.341, safer:0.189, guess:0.189, forests:0.182, finite:0.182, lightning:0.176, size:0.176, meadows:0.176, split:0.170, mountains:0.170, news:0.166, got:0.159, road:0.153"
152,Talk with prudence to a beggar,"prudence:0.324, wines:0.324, dungeons:0.309, mines:0.309, hungry:0.309, talk:0.297, cautious:0.287, hint:0.287, beggar:0.271, passed:0.225, sweet:0.212, air:0.208, feet:0.198"
153,THE PREACHER.,"truth:0.407, broad:0.407, '':0.243, preached:0.214, define:0.214, proclaimed:0.214, argued:0.214, cover:0.204, jesus:0.204, simplicity:0.204, enabled:0.204, breadth:0.204, sign:0.196, fled:0.184, presence:0.179"
154,Good night! which put the candle out?,"rowing:0.307, extinguished:0.307, candle:0.292, lit:0.281, celestial:0.281, dark:0.272, sailor:0.272, doubt:0.264, ah:0.246, good:0.246, angels:0.218, knew:0.210, friend:0.210, long:0.208, night:0.170"
155,"When I hoped I feared,","hoped:0.543, feared:0.285, harm:0.285, dared:0.272, charm:0.272, suffered:0.272, spectre:0.261, doom:0.261, remain:0.252, church:0.245, hath:0.245"
156,DEED.,"knocks:0.578, audible:0.316, act:0.301, deed:0.301, doom:0.289, spot:0.265, goes:0.231, home:0.225, ear:0.225, thought:0.203, god:0.187"
157,TIME'S LESSON.,"growing:0.317, flits:0.317, meat:0.317, starving:0.301, faded:0.301, enemy:0.290, hate:0.290, quick:0.272, soon:0.265, makes:0.239, let:0.235, dead:0.219, old:0.212"
158,REMORSE.,"remorse:0.520, disease:0.260, heal:0.260, astir:0.260, match:0.248, hell:0.238, departed:0.230, memory:0.223, awake:0.223, window:0.218, presence:0.218, past:0.212, set:0.204, door:0.163, soul:0.156"
159,THE SHELTER.,"convenient:0.293, body:0.293, inviting:0.293, outside:0.279, alway:0.279, secure:0.279, grows:0.268, hide:0.259, ajar:0.259, asked:0.251, timid:0.245, stands:0.229, spirit:0.221, way:0.179, soul:0.176"
160,Undue significance a starving man attaches,"attaches:0.348, significance:0.348, undue:0.348, starving:0.331, hopeless:0.318, spices:0.318, good:0.278, distance:0.273, fly:0.255, man:0.235, far:0.230"
161,"Heart not so heavy as mine,","window:0.370, way:0.271, ditty:0.221, whistled:0.221, sore:0.221, bobolink:0.211, bugle:0.211, weary:0.211, heavy:0.202, knowing:0.202, street:0.190, brook:0.190, pray:0.181, ah:0.177, tune:0.173"
162,"I many times thought peace had come,","peace:0.447, shores:0.285, struggle:0.285, centre:0.271, wrecked:0.271, deem:0.245, prove:0.238, times:0.233, sight:0.228, lie:0.215, land:0.200, far:0.188, men:0.184, thought:0.183, sea:0.173"
163,Unto my books so good to turn,"far:0.270, countenances:0.204, obtained:0.204, endears:0.204, abstinence:0.204, books:0.204, guests:0.204, kinsmen:0.204, ends:0.204, prospective:0.204, praise:0.195, wilderness:0.195, missed:0.195, tired:0.195, spices:0.187"
164,"This merit hath the worst, â","hath:0.464, longer:0.270, invites:0.270, breathe:0.270, glance:0.270, deer:0.257, merit:0.247, furthest:0.247, worst:0.239, thrown:0.239, pause:0.239, fate:0.232, round:0.201, stone:0.201"
165,HUNGER.,"hungry:0.475, windows:0.278, dine:0.166, ill:0.166, bread:0.166, berry:0.166, outside:0.158, plenty:0.158, turning:0.158, lone:0.158, trembling:0.158, takes:0.152, bush:0.152, wealth:0.147, mountain:0.147"
166,"I gained it so,","gained:0.439, strategy:0.240, climbing:0.240, grow:0.240, attempt:0.229, wore:0.212, ago:0.212, hung:0.206, instant:0.201, beggar:0.201, contented:0.201, fall:0.201, high:0.192, hour:0.185, bliss:0.185"
167,"To learn the transport by the pain,","homesick:0.368, learn:0.342, ascend:0.193, ceaseless:0.193, signal:0.193, duller:0.193, scholars:0.184, brooks:0.177, beloved:0.177, haunted:0.177, patient:0.171, native:0.171, lands:0.171, thirst:0.171, woe:0.171"
168,RETURNING.,"business:0.315, door:0.297, lest:0.227, ears:0.158, cautiously:0.158, fumbled:0.158, laughed:0.158, scanned:0.158, rolled:0.158, fitted:0.158, wooden:0.158, thief:0.158, dared:0.150, trembling:0.150, ocean:0.150"
169,PRAYER.,"prayer:0.477, apparatus:0.315, implement:0.300, means:0.300, denied:0.288, speech:0.279, presence:0.264, reach:0.243, hear:0.231, ear:0.224, men:0.204, god:0.186, little:0.154"
170,I know that he exists,"play:0.354, jest:0.252, glaze:0.252, earn:0.252, piercing:0.240, stare:0.230, rare:0.230, surprise:0.223, hid:0.223, exists:0.216, prove:0.211, instant:0.211, silence:0.211, glee:0.211, bliss:0.194"
171,MELODIES UNHEARD.,"think:0.277, say:0.232, spheres:0.183, waking:0.183, wrestle:0.183, musicians:0.183, breaks:0.183, strife:0.183, hymn:0.183, crowded:0.183, dressed:0.174, majority:0.174, celestial:0.167, service:0.167, led:0.162"
172,CALLED BACK.,"time:0.321, wheel:0.196, unheard:0.196, doors:0.196, pale:0.196, shores:0.196, onset:0.187, secrets:0.187, steal:0.187, tide:0.187, ii:0.187, seal:0.179, ages:0.179, blew:0.179, sailor:0.173"
173,CHOICE.,"stand:0.363, tragedy:0.251, intrinsic:0.251, create:0.251, away:0.251, figures:0.239, apart:0.239, mists:0.239, clay:0.239, flesh:0.239, sense:0.222, brief:0.222, sand:0.216, souls:0.216, behold:0.210"
174,"I have no life but this,","extent:0.395, dispelled:0.395, tie:0.361, realm:0.361, lead:0.361, lest:0.285, new:0.253, come:0.233, death:0.230, life:0.209"
175,Your riches taught me poverty.,"poverty:0.274, different:0.248, sure:0.235, know:0.220, far:0.190, day:0.146, drifted:0.144, jew:0.144, surmise:0.144, gem:0.144, beggars:0.144, stint:0.144, estate:0.144, esteemed:0.144, little:0.141"
176,THE CONTRACT.,"mutual:0.413, life:0.218, disappoint:0.206, ratified:0.206, spice:0.206, merchant:0.206, pay:0.206, owe:0.206, isles:0.206, suspect:0.196, buy:0.189, subtle:0.189, vision:0.182, wealth:0.182, prove:0.173"
177,THE LETTER.,"tell:0.581, slow:0.273, letter:0.222, happy:0.212, finished:0.207, '':0.147, shake:0.130, wished:0.130, tug:0.130, practised:0.130, ended:0.123, hinder:0.123, sentence:0.123, bodice:0.123, write:0.123"
178,The way I read a letter 's this:,"lock:0.369, letter:0.333, narrow:0.310, heaven:0.222, pick:0.194, conviction:0.194, bestow:0.194, draw:0.184, mouse:0.184, firm:0.184, knock:0.184, wall:0.177, furthest:0.177, push:0.177, floor:0.171"
179,Wild nights! Wild nights!,"nights:0.598, wild:0.529, thee:0.250, rowing:0.199, port:0.199, luxury:0.199, chart:0.199, moor:0.182, eden:0.167, ah:0.159, winds:0.151, heart:0.135, sea:0.121"
180,AT HOME.,"'':0.305, sofa:0.179, furnished:0.179, closer:0.179, drove:0.179, task:0.179, little:0.174, squirrel:0.170, gentle:0.170, draw:0.170, eaves:0.170, scant:0.163, wide:0.163, bush:0.163, dog:0.163"
181,POSSESSION.,"harebell:0.489, earl:0.447, eden:0.409, bee:0.307, yield:0.244, girdle:0.244, loose:0.233, lover:0.224, pearl:0.204, paradise:0.185"
182,A charm invests a face,"dispelled:0.294, satisfies:0.294, wishes:0.294, beheld:0.280, veil:0.280, invests:0.280, charm:0.280, interview:0.269, want:0.253, lady:0.246, lift:0.240, dare:0.231, lest:0.212, fear:0.209, face:0.173"
183,THE LOVERS.,"rose:0.344, bodice:0.307, opposite:0.295, speech:0.285, cheek:0.264, like:0.217, till:0.172, fumbled:0.161, needle:0.161, danced:0.161, ticked:0.161, little:0.157, vest:0.154, pitiful:0.154, clocks:0.154"
184,"In lands I never saw, they say,","touch:0.399, sandals:0.264, alps:0.264, bonnets:0.264, firmament:0.241, august:0.241, lands:0.233, meek:0.227, daisies:0.227, sir:0.227, saw:0.221, immortal:0.216, everlasting:0.207, town:0.196, play:0.185"
185,"The moon is distant from the sea,","thine:0.373, amber:0.364, distant:0.356, far:0.294, sea:0.270, leads:0.204, sands:0.204, boy:0.197, moon:0.191, docile:0.186, degree:0.182, comes:0.175, hands:0.175, town:0.166, goes:0.163"
186,"He put the belt around my life, â","henceforth:0.229, duke:0.229, circuit:0.229, decline:0.229, smiles:0.229, occasional:0.229, deal:0.229, lifetime:0.229, kingdom:0.218, sort:0.209, belt:0.209, kindly:0.209, cloud:0.202, lives:0.202, turned:0.196"
187,THE LOST JEWEL.,"fingers:0.397, gem:0.301, jewel:0.301, honest:0.301, remembrance:0.286, amethyst:0.286, warm:0.275, held:0.236, winds:0.227, sleep:0.217, gone:0.214, said:0.208, went:0.191, '':0.171, day:0.152"
188,What if I say I shall not wait?,"laughter:0.267, laces:0.267, dungeons:0.254, wade:0.254, iii:0.254, travelling:0.244, yesterday:0.236, gate:0.236, liberty:0.236, ago:0.236, hurt:0.229, mortal:0.223, wait:0.218, hour:0.205, died:0.202"
189,MOTHER NATURE.,"finger:0.186, bending:0.186, minutest:0.186, traveller:0.186, conversation:0.186, mild:0.186, suffice:0.186, gentlest:0.186, mother:0.186, lamps:0.186, impatient:0.186, voice:0.177, assembly:0.177, forest:0.177, squirrel:0.177"
190,OUT OF THE MORNING.,"oh:0.469, morning:0.265, really:0.217, tall:0.217, countries:0.217, pilgrim:0.217, famous:0.206, wise:0.206, brought:0.198, like:0.195, feathers:0.192, sailor:0.192, mountains:0.186, called:0.181, lies:0.173"
191,At half-past three a single bird,"single:0.398, test:0.263, term:0.263, silent:0.263, circumference:0.251, implement:0.251, element:0.251, experiment:0.241, melody:0.241, cautious:0.233, presence:0.220, silver:0.199, rest:0.187, place:0.182, seen:0.182"
192,DAY'S PARLOR.,"prince:0.374, like:0.252, day:0.189, unrolled:0.187, parlor:0.187, breadths:0.187, musket:0.187, jew:0.187, rows:0.187, rubies:0.187, o'clock:0.187, shook:0.171, fold:0.160, orchard:0.160, lady:0.156"
193,THE SUN'S WOOING.,"henceforth:0.354, morning:0.324, felt:0.267, thing:0.245, hems:0.177, spangled:0.177, leaving:0.177, fluttered:0.177, raised:0.177, haughty:0.177, unanointed:0.177, necessity:0.168, diadems:0.168, staggered:0.168, ethereal:0.162"
194,THE ROBIN.,"robin:0.626, speechless:0.255, certainty:0.243, cherubic:0.243, scarcely:0.234, hurried:0.226, april:0.226, nest:0.219, march:0.209, begun:0.204, morn:0.200, best:0.187, home:0.182, noon:0.167"
195,THE BUTTERFLY'S DAY.,"hay:0.317, butterfly:0.272, afternoon:0.252, men:0.215, sundown:0.166, understood:0.166, hard:0.166, parties:0.166, phantom:0.166, clovers:0.166, enterprise:0.166, extinguished:0.166, design:0.166, opposing:0.166, struggling:0.166"
196,THE BLUEBIRD.,"shouts:0.251, song:0.251, surmise:0.251, bless:0.239, delays:0.239, independent:0.239, self:0.239, gay:0.229, fellow:0.222, superior:0.222, leaf:0.222, brown:0.222, choose:0.215, joy:0.215, spring:0.210"
197,APRIL.,"look:0.221, annual:0.187, nicodemus:0.187, receives:0.187, singing:0.187, shrill:0.187, strut:0.187, expected:0.187, tyrian:0.187, finger:0.187, fills:0.187, slope:0.187, pane:0.178, wider:0.178, twilight:0.178"
198,THE SLEEPING FLOWERS.,"'':0.743, beds:0.302, wake:0.184, woods:0.152, red:0.147, little:0.147, said:0.139, crimson:0.101, smiled:0.101, lullaby:0.101, rocked:0.101, valleys:0.101, aster:0.101, anemone:0.101, busy:0.096"
199,MY ROSE.,"distinguished:0.228, belles:0.228, astray:0.228, pigmy:0.228, tint:0.228, duke:0.228, seraphs:0.217, velvet:0.217, earl:0.208, maid:0.201, leaf:0.201, emerald:0.201, meek:0.196, fold:0.196, lay:0.196"
200,THE ORIOLE'S SECRET.,"'':0.404, hear:0.347, unheard:0.237, sceptic:0.237, dun:0.217, sings:0.217, oriole:0.217, fashion:0.217, crowd:0.209, sir:0.203, sing:0.198, common:0.193, divine:0.193, tune:0.186, fair:0.173"
201,THE ORIOLE.,"ballads:0.211, pageant:0.211, chief:0.211, attar:0.211, badinage:0.211, prodigal:0.211, thief:0.211, midas:0.211, meteor:0.211, thoughts:0.201, sought:0.201, mistake:0.201, oriole:0.193, departing:0.193, orchards:0.186"
202,IN SHADOW.,"wished:0.319, drums:0.160, tall:0.160, deference:0.160, stretch:0.160, stayed:0.160, hurts:0.160, daffodils:0.160, dreaded:0.160, pierce:0.160, countries:0.160, away:0.159, childish:0.152, bereaved:0.152, grown:0.152"
203,THE HUMMING-BIRD.,"evanescence:0.320, wheel:0.320, mail:0.320, cochineal:0.320, route:0.305, blossom:0.293, bush:0.293, emerald:0.283, ride:0.283, easy:0.268, head:0.238, morning:0.196"
204,SECRETS.,"secret:0.371, tell:0.341, hills:0.288, bird:0.260, know:0.207, sapphire:0.203, bribe:0.203, daffodils:0.203, fellows:0.203, chance:0.185, wo:0.179, ca:0.179, finer:0.179, orchards:0.179, knows:0.170"
205,"Who robbed the woods,","woods:0.432, grasped:0.286, scanned:0.286, trinkets:0.286, unsuspecting:0.286, hemlock:0.272, robbed:0.272, brought:0.262, bore:0.239, curious:0.239, solemn:0.229, trees:0.224, say:0.181, away:0.143"
206,TWO VOYAGERS.,"sea:0.311, ether:0.256, port:0.256, mentioned:0.256, beam:0.244, frigate:0.244, report:0.244, shining:0.244, straight:0.235, firmament:0.235, stepped:0.227, bore:0.215, distant:0.205, coming:0.201, met:0.201"
207,BY THE SEA.,"past:0.383, started:0.286, man:0.212, sea:0.190, look:0.185, bowing:0.156, solid:0.156, apron:0.156, ankle:0.156, withdrew:0.156, eat:0.156, overflow:0.156, upper:0.156, tide:0.149, followed:0.149"
208,OLD-FASHIONED.,"hope:0.435, heaven:0.204, prank:0.178, monster:0.178, arcturus:0.178, science:0.178, stile:0.178, sits:0.178, kingdom:0.169, ready:0.169, erect:0.169, stare:0.163, heads:0.163, girl:0.163, wo:0.157"
209,A TEMPEST.,"air:0.285, mashed:0.223, monster:0.223, whistled:0.223, coast:0.223, tempest:0.223, faded:0.212, arose:0.212, lit:0.204, spectre:0.204, shook:0.204, native:0.197, hid:0.197, creatures:0.191, slowly:0.191"
210,THE SEA.,"sand:0.543, called:0.529, silver:0.478, land:0.444"
211,IN THE GARDEN.,"softer:0.176, bit:0.176, beetle:0.176, convenient:0.176, unrolled:0.176, stirred:0.176, frightened:0.176, offered:0.176, beads:0.176, banks:0.176, seam:0.168, ate:0.168, drank:0.168, velvet:0.168, danger:0.168"
212,THE SNAKE.,"fellow:0.330, met:0.292, grass:0.258, know:0.190, barefoot:0.186, shaft:0.186, opens:0.186, likes:0.178, rides:0.178, secure:0.178, corn:0.178, wrinkled:0.171, acre:0.171, spotted:0.171, stooping:0.171"
213,THE MUSHROOM.,"bubble:0.400, mushroom:0.400, nature:0.240, hut:0.200, career:0.200, juggler:0.200, snake:0.200, shorter:0.200, plants:0.200, outcast:0.200, stops:0.200, elf:0.190, like:0.180, son:0.177, pleased:0.177"
214,THE STORM.,"panting:0.200, mob:0.200, doors:0.200, living:0.200, barred:0.200, rivers:0.200, abide:0.200, ran:0.191, bugle:0.191, flying:0.191, quivered:0.191, doom:0.183, heat:0.183, wild:0.177, strange:0.177"
215,THE SPIDER.,"physiognomy:0.362, gnome:0.362, sewed:0.362, strategy:0.362, arc:0.345, spider:0.331, immortality:0.279, white:0.269, light:0.237, night:0.200"
216,I know a place where summer strives,"quietly:0.241, vow:0.241, briefly:0.241, strives:0.241, practised:0.241, south:0.220, shoe:0.220, leads:0.220, stirs:0.220, spices:0.220, lap:0.220, pools:0.213, daisies:0.207, amber:0.197, frost:0.192"
217,The one that could repeat the summer day,"outgrown:0.344, stain:0.344, minutest:0.344, period:0.328, repeat:0.315, remain:0.305, mean:0.305, unknown:0.270, going:0.270, summer:0.197, sun:0.192, day:0.175"
218,THE WIND'S VISIT.,"like:0.323, man:0.243, residence:0.180, entered:0.180, boldly:0.180, answered:0.180, sofa:0.180, numerous:0.180, bind:0.180, chair:0.171, impossible:0.171, tired:0.171, blown:0.171, offer:0.171, push:0.164"
219,Nature rarer uses yellow,"yellow:0.399, spending:0.260, uses:0.260, saves:0.260, sunsets:0.260, prodigal:0.260, rarer:0.260, affords:0.247, hue:0.237, lover:0.237, like:0.233, words:0.230, scarlet:0.223, woman:0.208, blue:0.196"
220,GOSSIP.,"somewhat:0.615, nods:0.307, interchange:0.307, parties:0.307, cases:0.307, inference:0.307, women:0.264, leaves:0.246, like:0.138"
221,SIMPLICITY.,"absolute:0.336, simplicity:0.320, independent:0.320, decree:0.320, brown:0.297, universe:0.288, passing:0.281, happy:0.274, road:0.258, care:0.254, stone:0.250, sun:0.187, little:0.164"
222,STORM.,"streets:0.478, beryl:0.270, sounded:0.270, apron:0.270, stole:0.270, eclipse:0.270, running:0.257, covert:0.257, window:0.226, awe:0.226, stood:0.226, feel:0.212, air:0.173, nature:0.162, time:0.147"
223,THE RAT.,"lawful:0.299, obligation:0.299, concisest:0.299, tenant:0.299, intent:0.299, harm:0.299, rat:0.299, reticent:0.285, foe:0.285, decree:0.285, hate:0.273, sound:0.239"
224,"Frequently the woods are pink,","frequently:0.697, wont:0.254, pink:0.232, used:0.225, native:0.225, brown:0.225, turned:0.218, woods:0.192, head:0.189, earth:0.189, town:0.189, hills:0.181, tell:0.142"
225,A THUNDER-STORM.,"hands:0.271, sky:0.221, claw:0.173, livid:0.173, overlooked:0.173, scoop:0.173, throw:0.173, barns:0.173, waters:0.173, showed:0.173, wrecked:0.164, parted:0.164, rock:0.158, thunder:0.158, nests:0.158"
226,WITH FLOWERS.,"jostle:0.321, passage:0.321, cashmere:0.321, plucking:0.305, south:0.294, drink:0.294, present:0.284, pause:0.284, butterflies:0.247, winds:0.243, softly:0.239, gone:0.228, come:0.190"
227,SUNSET.,"sailors:0.416, ships:0.396, gently:0.396, seas:0.381, daffodil:0.381, toss:0.381, purple:0.278"
228,"She sweeps with many-colored brooms,","brooms:0.591, dropped:0.324, come:0.245, sweeps:0.197, thread:0.189, spotted:0.189, housewife:0.183, emerald:0.183, west:0.173, evening:0.173, amber:0.169, dust:0.169, leaves:0.165, east:0.165, stars:0.159"
229,Like mighty footlights burned the red,"chiefest:0.303, footlights:0.303, distinguished:0.303, burned:0.289, enabled:0.289, dress:0.277, crowd:0.268, universe:0.260, royal:0.254, trees:0.238, mighty:0.238, red:0.222, far:0.200, god:0.179, day:0.154"
230,PROBLEMS.,"blue:0.247, morning:0.200, tell:0.183, trips:0.163, breadths:0.163, spheres:0.163, astonished:0.163, sleeps:0.163, flagons:0.163, boughs:0.163, weaver:0.163, counts:0.163, debauchee:0.163, string:0.163, cups:0.163"
231,THE JUGGLER OF DAY.,"meadow:0.253, touching:0.253, quenching:0.253, blazing:0.253, juggler:0.253, laying:0.253, barn:0.253, spotted:0.232, stooping:0.232, bonnet:0.232, roof:0.224, window:0.212, gold:0.203, low:0.180, gone:0.180"
232,MY CRICKET.,"grace:0.350, calls:0.231, unobtrusive:0.231, burning:0.231, loneliness:0.231, pathetic:0.231, nation:0.231, repose:0.220, pensive:0.220, glow:0.220, minor:0.220, farther:0.212, august:0.212, difference:0.205, forth:0.194"
233,As imperceptibly as grief,"summer:0.271, imperceptibly:0.237, spending:0.237, earlier:0.237, beautiful:0.237, wing:0.237, twilight:0.225, escape:0.225, dusk:0.217, shone:0.217, service:0.217, grief:0.209, guest:0.198, drew:0.198, foreign:0.193"
234,"It can't be summer, â that got through;","ca:0.467, white:0.392, shuts:0.264, cross:0.251, question:0.251, spring:0.221, sing:0.221, sunset:0.221, dying:0.211, got:0.211, early:0.207, town:0.196, dead:0.183, long:0.178, shall:0.167"
235,SUMMER'S OBSEQUIES.,"bee:0.267, aged:0.213, blossoms:0.213, parade:0.213, weaves:0.213, sister:0.213, willing:0.213, fringes:0.213, maple:0.213, procession:0.213, bobolink:0.203, gentian:0.203, departing:0.195, brief:0.188, patient:0.188"
236,FRINGED GENTIAN.,"summer:0.279, creator:0.243, laughed:0.243, condition:0.243, snows:0.243, tyrian:0.243, gentian:0.231, frosts:0.222, tried:0.222, north:0.222, hid:0.215, bloom:0.215, failed:0.203, forehead:0.194, creature:0.190"
237,NOVEMBER.,"eyes:0.283, haze:0.232, valves:0.232, mornings:0.232, poets:0.232, share:0.221, squirrel:0.221, bustle:0.212, autumn:0.212, sealed:0.212, lord:0.205, remain:0.205, brook:0.199, sing:0.194, grant:0.194"
238,THE SNOW.,"east:0.335, seams:0.209, stem:0.209, acres:0.209, wool:0.209, sieves:0.209, leaden:0.209, sifts:0.209, fills:0.209, ghosts:0.209, fence:0.209, flings:0.209, veil:0.199, alabaster:0.199, queen:0.185"
239,THE BLUE JAY.,"neighbor:0.349, brother:0.203, shrill:0.203, intimate:0.203, nutriment:0.203, temerity:0.203, felicity:0.203, brigadier:0.203, future:0.203, blown:0.194, frown:0.194, iv:0.194, pillow:0.186, universe:0.175, things:0.170"
240,"Let down the bars, O Death!","thine:0.476, flocks:0.285, wandering:0.271, tired:0.271, art:0.260, repeat:0.260, bars:0.244, fold:0.244, told:0.219, let:0.212, near:0.208, thou:0.205, thee:0.179, come:0.168, death:0.166"
241,Going to heaven!,"going:0.465, believe:0.283, glad:0.255, home:0.211, heaven:0.170, '':0.169, know:0.151, flocks:0.148, astonished:0.148, save:0.148, bit:0.148, little:0.145, smallest:0.141, arm:0.141, dress:0.136"
242,"At least to pray is left, is left.","jesus:0.494, left:0.380, thou:0.374, christ:0.259, arm:0.247, south:0.237, hast:0.237, chamber:0.223, pray:0.212, thy:0.199, air:0.166, say:0.164, sea:0.157, know:0.132"
243,EPITAPH.,"step:0.477, seams:0.270, lightly:0.247, syllable:0.247, grows:0.247, emerald:0.239, flag:0.239, spot:0.226, dwell:0.226, fame:0.226, breast:0.220, narrow:0.216, ample:0.211, told:0.207, land:0.189"
244,Morns like these we parted;,"flew:0.277, lisp:0.277, firmer:0.277, repose:0.264, mute:0.264, parted:0.264, morns:0.253, noons:0.253, like:0.249, quick:0.238, agony:0.238, drew:0.232, evening:0.232, transport:0.221, fair:0.203"
245,A death-blow is a life-blow to some,"died:0.779, vitality:0.344, alive:0.295, lived:0.281, begun:0.275, till:0.183"
246,"I read my sentence steadily,","soul:0.292, manner:0.243, ends:0.243, steadily:0.243, extremity:0.243, clause:0.243, mistake:0.231, sentence:0.231, form:0.231, shame:0.222, familiar:0.222, hint:0.215, friends:0.215, date:0.215, agony:0.209"
247,"I have not told my garden yet,","strength:0.233, conquer:0.233, lisp:0.233, shy:0.222, quite:0.222, riddle:0.222, heedless:0.222, forests:0.214, ignorant:0.214, walk:0.214, stare:0.214, loving:0.214, garden:0.206, hint:0.206, street:0.200"
248,THE BATTLE-FIELD.,"dropped:0.415, like:0.357, summon:0.265, suddenly:0.265, seamless:0.265, flakes:0.242, june:0.228, perished:0.222, stars:0.204, goes:0.194, wind:0.188, rose:0.188, grass:0.184, place:0.184, eye:0.181"
249,The only ghost I ever saw,"like:0.353, gait:0.196, appalling:0.196, laughter:0.196, conversation:0.196, mechlin:0.196, shy:0.187, soundless:0.187, haply:0.187, fashions:0.187, dimples:0.187, dies:0.187, pensive:0.187, dressed:0.187, rapid:0.180"
250,"Some, too fragile for winter winds,","cold:0.383, grave:0.332, fragile:0.223, thoughtful:0.223, unnoticed:0.223, aged:0.223, sparrows:0.212, covert:0.212, tenderly:0.212, cautious:0.197, fold:0.192, winter:0.192, nest:0.192, bold:0.187, frost:0.178"
251,"As by the dead we love to sit,","sit:0.299, ratio:0.299, penurious:0.299, fading:0.299, prize:0.299, estimate:0.284, wondrous:0.284, vast:0.273, broken:0.257, dear:0.234, rest:0.213, dead:0.207, lost:0.197, love:0.190, eyes:0.183"
252,MEMORIALS.,"read:0.339, fingers:0.286, significant:0.216, sets:0.216, thimble:0.216, wool:0.216, tenderly:0.206, industrious:0.206, pencil:0.206, tears:0.198, heavy:0.198, hurried:0.191, pleased:0.191, perished:0.181, dust:0.177"
253,"I went to heaven, â","duties:0.287, mechlin:0.287, beautiful:0.287, pictures:0.287, lit:0.263, names:0.263, society:0.254, contented:0.240, drew:0.240, people:0.230, fields:0.230, small:0.214, town:0.214, dew:0.199, man:0.194"
254,"Their height in heaven comforts not,","comforts:0.231, height:0.231, acres:0.231, larger:0.220, counted:0.220, finite:0.212, ca:0.205, size:0.205, better:0.205, pleased:0.205, wealth:0.205, shows:0.205, evidence:0.205, glory:0.205, nought:0.205"
255,There is a shame of nobleness,"shame:0.448, brave:0.433, nobleness:0.245, acknowledged:0.245, blessed:0.245, disgrace:0.245, confronting:0.233, finer:0.216, feels:0.216, sudden:0.200, ecstasy:0.196, told:0.188, grave:0.182, best:0.179, man:0.165"
256,TRIUMPH.,"triumph:0.750, naked:0.158, kinds:0.158, bribe:0.158, temptation:0.158, renounced:0.158, bar:0.158, jehovah:0.150, overcome:0.150, truth:0.150, rack:0.150, throng:0.150, countenance:0.144, finer:0.139, slowly:0.135"
257,Pompless no life can pass away;,"way:0.376, beckons:0.308, cordial:0.308, pompless:0.308, miracle:0.308, career:0.308, pageant:0.308, hospitable:0.308, mystery:0.257, pass:0.222, '':0.175, life:0.163, away:0.153"
258,"I noticed people disappeared,","settled:0.429, visited:0.412, wild:0.399, child:0.360, withheld:0.225, disappeared:0.225, fact:0.225, little:0.220, supposed:0.206, noticed:0.199, people:0.180, died:0.170, know:0.115"
259,FOLLOWING.,"looked:0.321, wishfulness:0.197, circumstance:0.197, curtains:0.197, raiment:0.197, knock:0.187, arose:0.187, sabbath:0.187, clear:0.187, wake:0.180, cause:0.180, recollect:0.174, awake:0.169, failed:0.165, sunset:0.165"
260,"If anybody's friend be dead,","past:0.410, tea:0.167, manner:0.167, walked:0.167, vow:0.167, prank:0.167, dip:0.167, thinking:0.167, estimate:0.159, interview:0.153, warm:0.153, sepulchre:0.153, grand:0.148, pleased:0.148, date:0.148"
261,THE JOURNEY.,"eternity:0.329, feet:0.282, term:0.231, pace:0.231, advanced:0.220, route:0.220, forest:0.220, reluctant:0.220, sealed:0.211, journey:0.211, gate:0.204, flag:0.204, led:0.204, awe:0.193, hope:0.189"
262,A COUNTRY BURIAL.,"bed:0.435, make:0.351, excellent:0.253, mattress:0.253, pillow:0.232, straight:0.232, awe:0.212, wait:0.207, judgment:0.207, ground:0.207, sunrise:0.202, ample:0.198, yellow:0.195, break:0.195, let:0.188"
263,GOING.,"figure:0.483, quiet:0.311, little:0.309, anybody:0.212, dawn:0.207, small:0.188, feet:0.155, night:0.140, knoll:0.127, nuts:0.127, rocked:0.127, task:0.127, softer:0.127, fro:0.127, playmates:0.127"
264,Essential oils are wrung:,"lady:0.431, rose:0.366, essential:0.257, attar:0.257, ceaseless:0.257, oils:0.257, suns:0.257, expressed:0.257, drawer:0.245, wrung:0.245, general:0.245, lies:0.206, makes:0.195, summer:0.148"
265,I lived on dread; to those who know,"stimulus:0.365, dread:0.365, danger:0.365, spectre:0.351, numb:0.339, despair:0.313, lived:0.313, fear:0.273, soul:0.230, know:0.196"
266,"If I should die,","trades:0.237, enterprise:0.237, gentlemen:0.237, conduct:0.237, usual:0.237, beam:0.225, depart:0.225, tranquil:0.225, burn:0.216, daisies:0.203, parting:0.193, keeps:0.193, early:0.185, live:0.185, morn:0.185"
267,AT LENGTH.,"busy:0.531, wondered:0.279, tenderer:0.279, duller:0.279, final:0.266, hurry:0.255, lit:0.255, guessed:0.255, lay:0.240, plain:0.234, thought:0.179, death:0.162, summer:0.160, life:0.147"
268,GHOSTS.,"ourself:0.340, safer:0.324, need:0.267, place:0.236, far:0.225, bolts:0.170, stones:0.170, external:0.170, assassin:0.170, horror:0.170, prudent:0.170, gallop:0.170, material:0.170, whiter:0.162, self:0.162"
269,VANISHED.,"died:0.471, wardrobe:0.312, figure:0.297, started:0.285, gate:0.276, spied:0.268, mortal:0.261, simple:0.232, took:0.232, breath:0.225, angels:0.222, way:0.190, sun:0.173, little:0.152"
270,PRECEDENCE.,"lord:0.448, wait:0.414, '':0.288, dare:0.264, till:0.179, receives:0.169, brow:0.169, invests:0.161, dressed:0.161, station:0.161, democrat:0.161, clay:0.161, modest:0.154, majesty:0.154, state:0.154"
271,GONE.,"new:0.244, bouquet:0.191, amid:0.191, talked:0.191, pick:0.191, returning:0.191, humble:0.191, countenances:0.191, roses:0.182, wondrous:0.182, repose:0.182, tranquil:0.182, daisy:0.174, talk:0.174, vision:0.169"
272,REQUIEM.,"men:0.312, kingdoms:0.241, guests:0.241, playmates:0.241, gods:0.241, little:0.235, carried:0.229, taken:0.229, rooms:0.229, school:0.220, maid:0.213, quaint:0.213, departed:0.213, eden:0.201, east:0.192"
273,What inn is this,"inn:0.351, traveller:0.351, brimming:0.351, tankards:0.351, rooms:0.334, peculiar:0.334, curious:0.293, behold:0.293, comes:0.275, night:0.194"
274,"It was not death, for I stood up,","cool:0.268, like:0.226, beating:0.168, ticked:0.168, fitted:0.168, breathe:0.168, frame:0.168, reminded:0.168, justify:0.168, space:0.168, marble:0.168, crawl:0.168, repeal:0.168, spar:0.160, figures:0.160"
275,TILL THE END.,"noticed:0.337, breaking:0.327, sure:0.311, heart:0.257, come:0.225, disappoint:0.190, tardy:0.190, wanted:0.174, frosts:0.174, midnight:0.168, broke:0.168, lain:0.168, patient:0.168, wish:0.163, shut:0.159"
276,VOID.,"dissent:0.292, epoch:0.292, clocks:0.278, period:0.278, streets:0.259, led:0.259, pause:0.259, universe:0.251, notice:0.245, silence:0.245, called:0.245, distance:0.229, great:0.229, bells:0.217, morning:0.179"
277,A throe upon the features,"mention:0.335, features:0.335, grown:0.319, hurry:0.306, throe:0.306, parting:0.274, known:0.268, ecstasy:0.268, given:0.262, anguish:0.258, breath:0.242, death:0.195, '':0.191"
278,SAVED!,"remembered:0.218, soil:0.218, tribulation:0.218, conquer:0.218, outgrown:0.218, panting:0.218, ankle:0.218, spangled:0.218, surrender:0.218, sort:0.200, gained:0.200, defeat:0.200, superior:0.193, rank:0.193, saved:0.183"
279,I think just how my shape will rise,"think:0.297, till:0.209, drifts:0.196, weigh:0.196, longer:0.196, sparrow:0.196, delirious:0.187, shape:0.187, quivering:0.187, bosom:0.187, borne:0.187, moved:0.180, broke:0.174, trust:0.169, sent:0.169"
280,THE FORGOTTEN GRAVE.,"strangers:0.273, elder:0.273, enacted:0.273, instinct:0.273, lone:0.260, key:0.250, recollect:0.241, memory:0.234, agony:0.234, knows:0.228, years:0.218, fields:0.218, dropped:0.214, peace:0.214, winds:0.206"
281,POEMS,"verses:0.365, dickinson:0.347, emily:0.347, heart:0.185, written:0.182, volume:0.182, series:0.167, sent:0.157, '':0.156, delinquencies:0.091, explain:0.091, mabel:0.091, include:0.091, genius:0.091, personal:0.091"
282,REAL RICHES.,"prince:0.310, rubies:0.310, crowning:0.310, mines:0.295, emperor:0.295, diadem:0.295, dome:0.283, pearls:0.283, gold:0.247, fit:0.243, ample:0.243, care:0.234, sea:0.188, little:0.151"
283,SUPERIORITY TO FATE.,"difficult:0.343, superiority:0.343, earn:0.343, conferred:0.326, learn:0.303, possible:0.303, surprise:0.303, fate:0.295, paradise:0.259, soul:0.206, time:0.187, till:0.182"
284,HOPE.,"glutton:0.393, abstinence:0.393, whatsoever:0.374, subtle:0.360, remain:0.348, table:0.338, hope:0.321, fair:0.288"
285,FORBIDDEN FRUIT.,nan:1.000
286,Forbidden fruit a flavor has,"pod:0.400, flavor:0.400, fruit:0.400, lawful:0.400, forbidden:0.366, orchards:0.354, lies:0.320"
287,FORBIDDEN FRUIT.,nan:1.000
288,Heaven is what I cannot reach!,"apple:0.340, hopeless:0.326, hang:0.316, cloud:0.316, color:0.316, ground:0.292, reach:0.274, hill:0.274, paradise:0.270, tree:0.257, house:0.250, heaven:0.204"
289,A WORD.,"say:0.628, word:0.396, live:0.388, dead:0.343, said:0.343, day:0.251"
290,To venerate the simple days,"needs:0.457, remember:0.412, air:0.307, venerate:0.240, upper:0.240, mortality:0.240, termed:0.228, lead:0.220, seasons:0.220, forests:0.220, existence:0.220, stately:0.212, simple:0.178, days:0.178"
291,LIFE'S TRADES.,"thing:0.492, weep:0.355, trades:0.355, size:0.314, women:0.305, short:0.297, sigh:0.290, die:0.240, men:0.230, little:0.173"
292,Drowning is not so pitiful,"drowning:0.278, cordial:0.278, grasped:0.278, attempt:0.265, pitiful:0.265, forever:0.265, abode:0.255, company:0.239, hope:0.227, rise:0.227, times:0.227, good:0.222, comes:0.218, skies:0.204, said:0.193"
293,"How still the bells in steeples stand,","frantic:0.402, leap:0.383, melody:0.368, steeples:0.345, silver:0.304, bells:0.299, stand:0.290, sky:0.257, feet:0.246, till:0.214"
294,"If the foolish call them 'flowers,'","amid:0.395, read:0.310, stand:0.285, 'flowers:0.197, scan:0.197, belles:0.197, foolish:0.197, revelations:0.181, doubtless:0.181, denied:0.181, superfluous:0.175, pursued:0.175, grand:0.175, landscape:0.175, stately:0.175"
295,A SYLLABLE.,"weight:0.482, syllable:0.464, lip:0.448, mortal:0.424, divine:0.414"
296,PARTING.,"twice:0.568, remains:0.310, closed:0.310, hopeless:0.284, hell:0.284, parting:0.254, close:0.243, need:0.243, immortality:0.239, heaven:0.178, life:0.164, know:0.158"
297,ASPIRATION.,"plan:0.345, king:0.311, called:0.303, rise:0.296, daily:0.296, true:0.296, high:0.290, touch:0.274, skies:0.265, fear:0.258, thing:0.251, till:0.193, know:0.185"
298,THE INEVITABLE.,"fearing:0.499, knowing:0.457, came:0.346, wearing:0.250, trying:0.250, utmost:0.238, existence:0.228, despair:0.204, dear:0.196, fear:0.178, long:0.169, new:0.160, morning:0.153"
299,A BOOK.,"chariot:0.335, frigate:0.319, toll:0.319, frugal:0.319, page:0.307, bears:0.307, like:0.301, lands:0.297, book:0.274, human:0.268, soul:0.201, away:0.167"
300,Who has not found the heaven below,"residence:0.596, fail:0.512, love:0.378, god:0.352, heaven:0.341"
301,A PORTRAIT.,"face:0.566, hard:0.322, devoid:0.322, ease:0.306, thrown:0.284, feel:0.252, grace:0.243, stone:0.239, old:0.215, love:0.204, time:0.175"
302,I HAD A GUINEA GOLDEN.,"guinea:0.277, sand:0.250, robin:0.238, friend:0.199, eye:0.199, delinquencies:0.146, value:0.146, personal:0.146, ballads:0.146, crimson:0.146, crowded:0.146, ditty:0.146, dainty:0.146, europe:0.146, origin:0.146"
303,SATURDAY AFTERNOON.,"jails:0.276, mob:0.276, solid:0.276, prison:0.276, foe:0.263, leap:0.263, beloved:0.252, girls:0.252, alas:0.252, boys:0.244, wait:0.225, storm:0.225, bliss:0.212, afternoon:0.209, lie:0.209"
304,"Few get enough, â enough is one;","throng:0.527, belong:0.527, ethereal:0.506, right:0.434"
305,"Upon the gallows hung a wretch,","wretch:0.342, gallows:0.342, livid:0.342, hell:0.313, son:0.303, hung:0.294, bore:0.286, fell:0.274, woman:0.274, oh:0.247, nature:0.206, '':0.195"
306,THE LOST THOUGHT.,"seam:0.471, thought:0.317, clearing:0.247, join:0.247, match:0.236, balls:0.236, tried:0.226, strove:0.226, floor:0.219, split:0.213, brain:0.202, fit:0.194, reach:0.190, felt:0.187, mind:0.176"
307,RETICENCE.,"nature:0.323, precarious:0.269, volcano:0.269, plan:0.256, tale:0.256, reticent:0.256, jehovah:0.256, secret:0.246, pink:0.246, keeps:0.220, people:0.215, human:0.215, lips:0.215, told:0.207, immortality:0.207"
308,WITH FLOWERS.,"forgetting:0.536, recollecting:0.536, merry:0.268, gay:0.245, gathered:0.245, miss:0.237, remember:0.230, forgot:0.230, near:0.196, fingers:0.177"
309,The farthest thunder that I heard,"life:0.233, chemist:0.221, bolt:0.221, exchange:0.221, preceded:0.221, obligation:0.221, flake:0.221, decks:0.221, oxygen:0.221, struck:0.210, torrid:0.210, thunder:0.202, farthest:0.202, noons:0.202, lain:0.195"
310,On the bleakness of my lot,"reward:0.287, bleakness:0.287, soil:0.287, steadfast:0.287, palm:0.287, lot:0.273, raise:0.273, strove:0.263, acre:0.263, rock:0.263, bloom:0.254, sand:0.246, late:0.217, hand:0.186, sun:0.160"
311,CONTRAST.,"lost:0.473, passing:0.400, door:0.300, opened:0.239, doubly:0.239, warmth:0.239, misery:0.239, contrast:0.227, wealth:0.211, street:0.205, company:0.205, instant:0.200, shut:0.200, sudden:0.195"
312,FRIENDS.,"riches:0.589, sad:0.309, bolder:0.294, remain:0.273, friends:0.273, delight:0.266, stay:0.253, good:0.247, fly:0.226, pain:0.226, away:0.154"
313,FIRE.,"denote:0.393, ashes:0.393, chemist:0.393, pile:0.374, departed:0.348, exists:0.338, creature:0.308, light:0.257"
314,A MAN.,"slew:0.353, acknowledged:0.353, regarded:0.353, firm:0.336, unmoved:0.336, worst:0.313, fate:0.303, fall:0.296, drop:0.255, man:0.239"
315,VENTURES.,"nodding:0.391, gallant:0.391, venture:0.372, finite:0.358, fail:0.336, infinite:0.336, shore:0.327, creature:0.307"
316,GRIEFS.,"wonder:0.385, grief:0.332, eyes:0.229, native:0.221, pain:0.183, piled:0.125, hurts:0.125, begin:0.125, grieved:0.125, kind:0.125, enlightened:0.125, comfort:0.125, aching:0.125, deeper:0.119, affords:0.119"
317,I have a king who does not speak;,"day:0.221, shouts:0.218, drums:0.218, peep:0.207, haply:0.207, childish:0.207, pillow:0.199, speak:0.193, glad:0.187, orchard:0.187, steeples:0.187, king:0.187, meek:0.187, hours:0.187, dream:0.182"
318,DISENCHANTMENT.,"regard:0.356, stones:0.356, blamed:0.356, shelf:0.325, fate:0.305, ground:0.291, dropped:0.279, silver:0.269, mind:0.253, low:0.253, heard:0.243"
319,LOST FAITH.,"faith:0.527, belief:0.336, clause:0.336, estate:0.336, surpasses:0.320, loss:0.320, lose:0.289, single:0.254, life:0.178"
320,LOST JOY.,"till:0.310, crag:0.291, perceived:0.291, viewed:0.277, utmost:0.277, learned:0.266, pursued:0.258, grew:0.250, sudden:0.238, half:0.238, daily:0.238, sight:0.233, stir:0.233, right:0.228, bliss:0.224"
321,"I worked for chaff, and earning wheat","wheat:0.459, chaff:0.459, wisdom:0.229, earning:0.229, haughty:0.229, ratified:0.229, betrayed:0.229, tasted:0.218, viewed:0.218, worked:0.210, fields:0.183, distance:0.180, right:0.180, ample:0.180, friend:0.157"
322,"Life, and Death, and Giants","beetle:0.390, apparatus:0.390, minor:0.371, candle:0.371, giants:0.371, fame:0.326, small:0.290, death:0.227, life:0.206"
323,ALPINE GLOW.,"alps:0.717, swiss:0.239, curtains:0.239, forever:0.228, farther:0.219, lives:0.212, odd:0.195, solemn:0.191, cool:0.191, stands:0.187, afternoon:0.181, look:0.141, till:0.127, like:0.107"
324,REMEMBRANCE.,"rear:0.421, fathoms:0.421, mouse:0.401, remembrance:0.401, pursued:0.373, house:0.296, look:0.249, like:0.189"
325,"To hang our head ostensibly,","attitudes:0.367, ostensibly:0.367, cobweb:0.367, gauze:0.367, affords:0.350, hang:0.325, immortal:0.300, head:0.273, mind:0.261"
326,THE BRAIN.,"brain:0.597, blue:0.368, include:0.244, wider:0.232, weight:0.232, deeper:0.232, ease:0.232, syllable:0.223, lift:0.199, hold:0.199, sound:0.195, sky:0.156, sea:0.148, god:0.144"
327,The bone that has no marrow;,"bone:0.445, obtain:0.259, marrow:0.259, fresh:0.259, phantom:0.259, nicodemus:0.259, assembly:0.247, confronting:0.247, shame:0.237, creatures:0.223, table:0.223, beggar:0.217, finished:0.207, fit:0.203, old:0.173"
328,THE PAST.,"reward:0.354, disgrace:0.354, charge:0.324, reply:0.313, curious:0.296, past:0.289, transport:0.283, creature:0.278, fly:0.259, meet:0.252, look:0.209, face:0.208"
329,To help our bleaker parts,"silently:0.392, parts:0.392, bleaker:0.374, help:0.337, hours:0.337, fit:0.308, given:0.308, earth:0.292, heaven:0.225"
330,"What soft, cherubic creatures","ashamed:0.449, horror:0.236, gentlewomen:0.236, freckled:0.236, assault:0.236, brittle:0.224, cherubic:0.224, deity:0.224, plush:0.209, glory:0.209, creatures:0.203, lady:0.197, soon:0.197, degree:0.193, common:0.193"
331,DESIRE.,"remains:0.302, maddest:0.287, surpasses:0.287, desire:0.287, wanted:0.276, goal:0.276, wine:0.259, joy:0.259, nearer:0.252, hope:0.246, perfect:0.246, unknown:0.236, thy:0.232, lest:0.218, soul:0.181"
332,PHILOSOPHY.,"peninsula:0.426, delight:0.366, fail:0.366, easier:0.356, sight:0.340, gain:0.340, blue:0.322, land:0.299"
333,POWER.,"flood:0.405, fan:0.405, drawer:0.386, floor:0.358, fold:0.348, winds:0.306, thing:0.281, tell:0.227, night:0.224"
334,"A modest lot, a fame petite,","petite:0.288, business:0.288, soldier:0.288, sting:0.288, balls:0.274, plenty:0.274, lot:0.274, seek:0.263, modest:0.263, brief:0.255, sailor:0.255, fame:0.241, shore:0.241, sweet:0.188, life:0.152"
335,"Is bliss, then, such abyss","buy:0.458, foot:0.400, bliss:0.385, save:0.250, patent:0.250, abyss:0.238, shoe:0.229, suit:0.229, pair:0.229, possible:0.221, fair:0.183, fear:0.178, lost:0.165"
336,EXPERIENCE.,"plank:0.539, precarious:0.270, gait:0.270, cautiously:0.270, experience:0.270, final:0.257, stepped:0.239, gave:0.216, stars:0.207, felt:0.204, head:0.201, slow:0.189, knew:0.185, feet:0.165, sea:0.163"
337,THANKSGIVING DAY.,"thanksgiving:0.435, day:0.331, thinking:0.217, mention:0.217, termed:0.207, bay:0.207, assembly:0.207, pebble:0.207, sharp:0.207, series:0.199, acre:0.199, wrinkled:0.199, sum:0.192, holiday:0.192, memory:0.187"
338,CHILDISH GRIEFS.,"childhood:0.502, appears:0.264, softened:0.264, consummate:0.251, bleaker:0.251, ii:0.251, envy:0.251, realm:0.241, plush:0.233, woe:0.233, easy:0.221, despair:0.216, years:0.211, love:0.167, time:0.144"
339,CONSECRATION.,"proud:0.635, thou:0.345, didst:0.239, partake:0.239, slake:0.228, dost:0.228, broken:0.206, feel:0.188, thy:0.184, break:0.184, pain:0.175, heart:0.162, thee:0.150, night:0.132, till:0.127"
340,LOVE'S HUMILITY.,"worthiness:0.274, chiefest:0.274, qualities:0.274, appear:0.261, merit:0.251, abode:0.251, loving:0.251, beloved:0.251, sacrament:0.242, church:0.235, doubt:0.235, prove:0.229, content:0.229, need:0.215, lest:0.198"
341,LOVE.,"posterior:0.478, anterior:0.478, creation:0.437, breath:0.345, love:0.303, death:0.278, life:0.253"
342,SATISFIED.,"heaven:0.234, scantily:0.205, value:0.205, blessing:0.205, ruddier:0.205, enchanted:0.205, floods:0.205, supremest:0.205, served:0.205, satisfied:0.195, larger:0.195, hue:0.187, size:0.181, sum:0.181, want:0.176"
343,WITH A FLOWER.,"idle:0.283, gather:0.283, cease:0.283, flight:0.283, paused:0.283, violets:0.283, roses:0.270, bloom:0.251, pray:0.231, solemn:0.226, dear:0.222, lie:0.214, flower:0.199, passed:0.196, hand:0.183"
344,SONG.,"thy:0.401, thee:0.327, summer:0.299, anemone:0.260, gather:0.260, blossoms:0.260, o'er:0.248, oriole:0.238, tomb:0.238, bloom:0.230, grant:0.218, music:0.218, pray:0.213, days:0.194, flower:0.183"
345,LOYALTY.,"lark:0.249, scantily:0.249, patent:0.249, flood:0.249, sceptic:0.249, rolled:0.249, lutes:0.249, loose:0.238, experiment:0.228, split:0.214, scarlet:0.214, doubt:0.214, music:0.209, saved:0.209, true:0.204"
346,"To lose thee, sweeter than to gain","realms:0.372, sweeter:0.354, realm:0.340, lose:0.319, sand:0.319, true:0.304, gain:0.297, dew:0.258, knew:0.254, thee:0.234, sea:0.225"
347,Poor little heart!,"heart:0.541, little:0.391, thee:0.377, care:0.302, thou:0.289, forsake:0.200, gay:0.183, proud:0.177, glory:0.177, poor:0.167, forget:0.163, break:0.154, morning:0.122, like:0.090"
348,FORGOTTEN.,"day:0.247, accomplished:0.243, brother:0.243, epauletted:0.243, syllables:0.243, pierce:0.243, onset:0.231, mute:0.231, breathless:0.231, bears:0.222, runs:0.222, saved:0.203, behold:0.203, victory:0.199, fell:0.194"
349,I've got an arrow here;,"arrow:0.607, sped:0.304, bow:0.304, loving:0.278, sent:0.261, fell:0.243, got:0.243, simple:0.226, hand:0.196, say:0.193, soul:0.182, know:0.155"
350,THE MASTER.,"fumbles:0.275, naked:0.275, bubble:0.275, substance:0.275, brittle:0.262, blow:0.262, ethereal:0.252, music:0.230, nearer:0.230, brain:0.225, imperial:0.220, cool:0.220, spirit:0.208, drop:0.198, breath:0.198"
351,"Heart, we will forget him!","forget:0.632, warmth:0.258, haste:0.258, lagging:0.258, thoughts:0.245, remember:0.221, 're:0.221, pray:0.211, dim:0.206, gave:0.206, lest:0.186, heart:0.174, light:0.169, tell:0.145"
352,"Father, I bring thee not myself, â","bring:0.429, heart:0.346, thee:0.322, cherished:0.256, strangest:0.256, load:0.256, strength:0.256, heavy:0.234, grew:0.220, large:0.214, hold:0.209, imperial:0.205, father:0.187, went:0.162, till:0.136"
353,We outgrow love like other things,"outgrow:0.365, antique:0.365, drawer:0.348, fashion:0.334, like:0.328, shows:0.323, wore:0.323, things:0.305, love:0.232, till:0.194"
354,"Not with a club the heart is broken,","stone:0.463, club:0.311, boy:0.275, broken:0.267, sing:0.260, fell:0.249, known:0.249, creature:0.244, died:0.235, small:0.231, heart:0.210, unto:0.201, bird:0.199, tell:0.174, till:0.165"
355,WHO?,"friend:0.663, flies:0.307, dies:0.307, curious:0.270, mortal:0.270, ah:0.258, thou:0.233, bird:0.207, bee:0.203, like:0.145"
356,"He touched me, so I live to know","tenderer:0.260, groped:0.260, breathed:0.247, minor:0.247, renown:0.247, permitted:0.238, superior:0.230, wandered:0.223, different:0.223, royal:0.217, awful:0.217, touched:0.212, breast:0.212, gown:0.208, live:0.204"
357,DREAMS.,"adjust:0.400, mar:0.400, stain:0.400, dream:0.335, daily:0.327, perfect:0.327, let:0.298, come:0.237, night:0.221"
358,NUMEN LUMEN.,"live:0.330, lower:0.211, invisible:0.211, privacy:0.211, visitor:0.211, wedlock:0.211, conviction:0.211, presents:0.211, claim:0.211, sundown:0.211, endless:0.211, certainty:0.201, voice:0.201, taught:0.193, witness:0.193"
359,LONGING.,"envy:0.637, noon:0.262, happy:0.219, abroad:0.206, boldly:0.134, whereon:0.134, obtain:0.134, speechless:0.134, pizarro:0.134, pane:0.127, rides:0.127, sparrows:0.127, eaves:0.127, journey:0.122, blossom:0.122"
360,WEDDED.,"thing:0.408, count:0.280, iii:0.280, timid:0.246, mystery:0.246, wear:0.241, solemn:0.235, woman:0.235, fit:0.231, white:0.219, drop:0.212, eternity:0.209, said:0.204, purple:0.197, nature:0.177"
361,NATURE'S CHANGES.,"frill:0.194, pallid:0.194, springtime:0.194, adjust:0.194, load:0.194, bouquet:0.194, miracle:0.194, aster:0.194, drifted:0.194, bending:0.194, deep:0.194, bog:0.185, glow:0.185, fashion:0.178, landscape:0.172"
362,THE TULIP.,"remembered:0.402, mute:0.383, slept:0.383, suit:0.368, beneath:0.337, touched:0.329, foot:0.322, tree:0.290"
363,A light exists in spring,"furthest:0.330, speaks:0.180, suddenly:0.180, science:0.180, slope:0.180, solitary:0.180, passes:0.180, waits:0.180, report:0.172, period:0.172, horizons:0.172, loss:0.172, scarcely:0.165, noons:0.165, trade:0.165"
364,THE WAKING YEAR.,"lady:0.329, hill:0.303, sleeps:0.197, annual:0.197, exchange:0.197, expected:0.197, lily:0.197, housewives:0.197, neighbors:0.187, resurrection:0.187, field:0.187, brooms:0.187, suspect:0.187, secret:0.180, breezes:0.180"
365,TO MARCH.,"march:0.461, dear:0.332, praise:0.269, blame:0.258, come:0.250, walked:0.141, forgive:0.141, trifles:0.141, stayed:0.141, lock:0.134, trivial:0.134, hue:0.129, knocks:0.129, pursued:0.125, faces:0.125"
366,MARCH.,"makes:0.360, hot:0.238, tongue:0.238, minds:0.238, shoes:0.227, dry:0.227, forest:0.227, dog:0.218, knows:0.199, bold:0.199, spot:0.199, news:0.199, march:0.195, high:0.190, stands:0.187"
367,DAWN.,"billows:0.384, knowing:0.351, open:0.351, like:0.345, feathers:0.340, shore:0.321, dawn:0.314, bird:0.246, door:0.241, come:0.227"
368,"A murmur in the trees to note,","long:0.271, tell:0.225, audible:0.201, ne'er:0.201, promised:0.201, nightgowns:0.201, murmur:0.191, hurrying:0.191, seek:0.184, hide:0.177, try:0.177, note:0.177, miss:0.177, bed:0.172, lawn:0.172"
369,"Morning is the place for dew,","corn:0.434, setting:0.404, flowers:0.358, dew:0.316, place:0.316, noon:0.298, light:0.298, morning:0.279, sun:0.254"
370,To my quick ear the leaves conferred;,"privacy:0.294, visible:0.294, crack:0.294, walls:0.294, conferred:0.280, creation:0.269, began:0.269, hide:0.260, quick:0.253, leaves:0.235, mighty:0.230, bells:0.219, ear:0.209, make:0.204, nature:0.177"
371,A ROSE.,"thorn:0.350, petal:0.350, sepal:0.350, caper:0.320, breeze:0.300, common:0.286, trees:0.274, morn:0.274, rose:0.249, dew:0.242, bee:0.220, summer:0.200"
372,High from the earth I heard a bird;,"remedy:0.216, trifles:0.216, badinage:0.216, trod:0.216, esteemed:0.216, faithful:0.216, brood:0.216, pile:0.206, contrast:0.206, gathered:0.198, learned:0.198, talk:0.198, fellow:0.191, wood:0.185, breeze:0.185"
373,COBWEBS.,"genius:0.392, surpassing:0.373, spider:0.359, merit:0.359, artist:0.359, son:0.347, land:0.275, hand:0.254, thee:0.246"
374,A WELL.,"know:0.309, regret:0.202, helped:0.202, gives:0.202, jar:0.202, pity:0.192, dread:0.192, appear:0.192, pervades:0.192, haunted:0.185, evidence:0.179, lives:0.179, ghost:0.173, neighbor:0.173, bold:0.169"
375,"To make a prairie it takes a clover and one bee, â","clover:0.633, bee:0.463, prairie:0.368, takes:0.337, bees:0.266, make:0.255"
376,THE WIND.,"like:0.579, dateless:0.258, phraseless:0.258, clocks:0.245, stirs:0.236, melody:0.236, breeze:0.221, delight:0.221, trees:0.202, everlasting:0.202, woods:0.195, best:0.189, light:0.168, noon:0.168, bee:0.162"
377,A dew sufficed itself,"dew:0.350, went:0.321, sun:0.282, day:0.256, physiognomy:0.253, sufficed:0.253, satisfied:0.241, trivial:0.241, work:0.241, vast:0.231, leaf:0.224, passing:0.212, unknown:0.198, felt:0.191, play:0.177"
378,THE WOODPECKER.,"worm:0.415, auger:0.415, frill:0.415, utmost:0.395, goal:0.379, head:0.308, tree:0.299"
379,A SNAKE.,"snake:0.541, departure:0.271, swamp:0.271, gallop:0.271, treason:0.271, secrets:0.258, childhood:0.258, knows:0.227, sigh:0.221, houses:0.221, goes:0.198, meet:0.193, sweet:0.177, summer:0.155"
380,"Could I but ride indefinite,","day:0.228, follow:0.225, bar:0.225, liked:0.225, captives:0.225, indefinite:0.225, buttercups:0.225, tight:0.225, away:0.224, dungeons:0.214, chase:0.214, row:0.214, run:0.199, better:0.199, doth:0.199"
381,THE MOON.,"certainly:0.196, chin:0.196, beryl:0.196, trinkets:0.196, bestow:0.196, turns:0.187, blond:0.187, belt:0.179, shoe:0.179, firmament:0.179, bonnet:0.179, ago:0.173, universe:0.168, moon:0.168, smile:0.164"
382,THE BAT.,"bat:0.272, creator:0.272, withheld:0.272, song:0.272, pervades:0.259, believe:0.259, arc:0.259, praise:0.259, abode:0.249, firmament:0.249, dun:0.249, wrinkled:0.249, wings:0.234, lips:0.217, small:0.202"
383,THE BALLOON.,"crowd:0.325, sea:0.222, retire:0.183, balloons:0.183, gilded:0.183, trips:0.183, frantic:0.183, struggle:0.183, ascend:0.183, oath:0.183, duties:0.183, observe:0.183, spurn:0.175, discarded:0.175, strains:0.175"
384,EVENING.,"wisdom:0.262, strangers:0.262, seam:0.249, twilight:0.249, cricket:0.239, sang:0.225, hat:0.225, neighbor:0.225, stood:0.219, stay:0.214, finished:0.209, peace:0.205, set:0.205, low:0.186, home:0.186"
385,COCOON.,"habitation:0.390, drab:0.390, worm:0.390, gnome:0.390, elf:0.371, tomb:0.357, dome:0.357"
386,SUNSET.,"slips:0.384, sloop:0.384, ether:0.384, son:0.340, amber:0.314, ecstasy:0.307, peace:0.301, purple:0.257, sea:0.233, away:0.192"
387,AURORA.,"arrogance:0.231, bronze:0.231, attitudes:0.231, oxygen:0.231, stem:0.231, strut:0.231, menagerie:0.231, entertain:0.231, adequate:0.220, majesty:0.212, north:0.212, ago:0.205, blaze:0.205, universe:0.199, daisies:0.199"
388,THE COMING OF NIGHT.,"old:0.232, till:0.184, drip:0.173, carry:0.173, visions:0.173, touching:0.173, sapphire:0.173, duchess:0.173, flambeaux:0.173, billows:0.173, nodding:0.173, unfold:0.173, brake:0.173, solitude:0.173, abyss:0.165"
389,AFTERMATH.,"murmuring:0.531, posterior:0.279, lower:0.279, iv:0.265, revelations:0.255, laugh:0.246, ceased:0.246, june:0.239, book:0.228, bees:0.201, year:0.198, eternity:0.198, nature:0.167, come:0.165, time:0.152"
390,This world is not conclusion;,"conclusion:0.300, invisible:0.300, beckons:0.300, sagacity:0.300, guess:0.285, scholars:0.285, riddle:0.285, music:0.251, gain:0.240, known:0.240, sound:0.240, stands:0.235, world:0.213, men:0.194, know:0.153"
391,We learn in the retreating,"retreating:0.354, departure:0.354, doubly:0.354, endears:0.354, vast:0.324, learn:0.313, perished:0.296, presence:0.296, golden:0.289, sun:0.197"
392,"They say that 'time assuages,' â","prove:0.551, time:0.359, assuages:0.329, 'time:0.329, test:0.329, remedy:0.329, suffering:0.301, say:0.209"
393,"We cover thee, sweet face.","thee:0.488, thou:0.420, o'er:0.370, sweet:0.254, follow:0.194, flee:0.194, thyself:0.194, cover:0.185, reluctant:0.185, blame:0.178, fold:0.167, remember:0.167, notice:0.162, content:0.162, turn:0.162"
394,ENDING.,"understood:0.339, leaving:0.339, ended:0.323, holiday:0.300, better:0.300, glee:0.284, later:0.284, parting:0.277, solemn:0.271, world:0.241, home:0.241, play:0.238"
395,"The stimulus, beyond the grave","drams:0.492, stimulus:0.468, countenance:0.450, imperial:0.393, grave:0.366, like:0.221"
396,"Given in marriage unto thee,","wedlock:0.287, mortality:0.287, dissolve:0.287, marriage:0.274, decay:0.274, celestial:0.263, seal:0.263, son:0.254, ghost:0.247, host:0.240, given:0.225, father:0.210, oh:0.207, thou:0.207, unto:0.186"
397,That such have died enables us,"enables:0.533, lived:0.457, immortality:0.430, died:0.423, die:0.378"
398,"They won't frown always, â some sweet day","piled:0.307, ice:0.293, frown:0.293, tease:0.293, thank:0.272, wo:0.272, recollect:0.272, cold:0.264, forget:0.251, looked:0.251, child:0.246, said:0.213, sweet:0.201, door:0.193, day:0.156"
399,IMMORTALITY.,"kingdoms:0.334, decay:0.318, honorable:0.318, street:0.287, hat:0.287, orchard:0.287, immortal:0.273, daily:0.273, lift:0.273, makes:0.253, place:0.232, thought:0.214, away:0.167, like:0.150"
400,The distance that the dead have gone,"intimate:0.343, appear:0.326, followed:0.326, suspect:0.326, possible:0.303, half:0.280, dear:0.269, distance:0.269, coming:0.269, year:0.244, gone:0.244, dead:0.238"
401,"How dare the robins sing,","life:0.279, deference:0.264, daybreak:0.264, settled:0.251, overcome:0.251, consummate:0.251, garden:0.233, women:0.226, sing:0.221, mortal:0.221, robins:0.221, dare:0.207, immortality:0.203, hear:0.193, year:0.188"
402,DEATH.,"tree:0.462, skill:0.320, baffle:0.320, knife:0.320, insect:0.305, seek:0.293, ring:0.293, leave:0.262, reach:0.246, death:0.186, life:0.169, like:0.144"
403,UNWARNED.,"thou:0.431, maid:0.397, little:0.292, thee:0.282, alas:0.274, thy:0.230, night:0.165, instead:0.149, wont:0.149, industry:0.149, lily:0.149, sleeping:0.149, plan:0.142, dost:0.142, station:0.142"
404,Each that we lose takes part of us;,"takes:0.482, crescent:0.466, moon:0.453, lose:0.453, night:0.291, like:0.237"
405,Not any higher stands the grave,"gracious:0.313, latest:0.313, higher:0.298, leisure:0.298, democrat:0.298, numb:0.276, queen:0.276, nearer:0.262, beggar:0.262, child:0.250, stands:0.245, grave:0.232, men:0.202, summer:0.179"
406,ASLEEP.,"far:0.304, scarf:0.230, complaint:0.230, revelation:0.230, pity:0.219, trade:0.210, revelations:0.210, sepulchre:0.210, numb:0.203, color:0.203, blaze:0.203, speech:0.203, bone:0.198, rainbow:0.192, sunset:0.192"
407,THE SPIRIT.,"accost:0.297, intimates:0.297, indian:0.297, tragedy:0.297, fog:0.297, voice:0.283, whiter:0.283, pipe:0.283, doth:0.263, hath:0.255, spirit:0.225, place:0.206, air:0.191, shall:0.189, like:0.134"
408,THE MONUMENT.,"flew:0.321, shaft:0.321, stolid:0.321, laid:0.284, crescent:0.284, fled:0.276, forgot:0.276, trust:0.276, news:0.269, docile:0.269, stone:0.239, gone:0.228, knew:0.220"
409,"Bless God, he went as soldiers,","god:0.435, fear:0.349, blest:0.245, epauletted:0.245, bravest:0.245, musket:0.245, bless:0.233, foe:0.233, fight:0.233, soldiers:0.233, charge:0.224, grant:0.205, behold:0.205, breast:0.200, white:0.182"
410,Immortal is an ample word,"heaven:0.396, firmest:0.346, proof:0.346, necessity:0.329, immortal:0.282, leaves:0.276, word:0.276, ample:0.271, need:0.271, hand:0.224, time:0.189, know:0.176"
411,"Where every bird is bold to go,","knocks:0.455, tears:0.455, bold:0.416, bees:0.359, play:0.349, bird:0.318, away:0.248"
412,"The grave my little cottage is,","cottage:0.293, marble:0.293, tea:0.293, briefly:0.293, parlor:0.293, strong:0.279, orderly:0.279, society:0.259, lay:0.251, everlasting:0.229, grave:0.218, house:0.205, make:0.203, thee:0.184, till:0.156"
413,"This was in the white of the year,","difficult:0.347, drifts:0.347, looking:0.347, daisies:0.298, green:0.298, half:0.283, think:0.262, white:0.258, best:0.254, left:0.254, year:0.247, seen:0.240"
414,Sweet hours have perished here;,"played:0.412, shadows:0.392, tomb:0.377, hours:0.354, perished:0.345, room:0.337, mighty:0.323, sweet:0.269"
415,Me! Come! My dazzled face,"shall:0.340, dazzled:0.268, welcome:0.268, shining:0.255, bashful:0.237, holiday:0.237, saints:0.237, remember:0.230, sounds:0.230, fame:0.224, foreign:0.219, paradise:0.203, hear:0.196, near:0.196, ear:0.191"
416,INVISIBLE.,"year:0.420, prevent:0.295, wilderness:0.281, ethereal:0.270, ignorant:0.270, hath:0.253, wandered:0.253, mystery:0.247, lived:0.241, unknown:0.231, took:0.219, seen:0.204, eye:0.202, feet:0.180, time:0.161"
417,"I wish I knew that woman's name,","hold:0.498, ears:0.305, lullaby:0.305, wish:0.262, woman:0.244, comes:0.239, grave:0.226, hear:0.223, sleep:0.220, fear:0.217, dead:0.211, knew:0.208, say:0.193, way:0.186, life:0.161"
418,TRYING TO FORGET.,"grave:0.426, bereaved:0.364, cups:0.191, peninsula:0.191, obtained:0.191, preceded:0.191, waked:0.191, shape:0.182, remained:0.182, sought:0.182, followed:0.182, pillow:0.175, tried:0.175, crowd:0.169, memory:0.164"
419,"I felt a funeral in my brain,","beating:0.373, kept:0.320, till:0.198, solitary:0.186, space:0.186, fro:0.186, funeral:0.186, heavens:0.186, mourners:0.186, race:0.177, wrecked:0.177, toll:0.177, began:0.171, service:0.171, lead:0.171"
420,I meant to find her when I came;,"meant:0.504, rest:0.392, death:0.321, design:0.276, success:0.262, abode:0.252, memory:0.237, privilege:0.231, told:0.212, single:0.208, came:0.191, tell:0.155, time:0.150"
421,WAITING.,"approaching:0.289, use:0.275, waiting:0.275, tie:0.264, journey:0.264, bonnet:0.264, dark:0.256, step:0.256, sang:0.248, sing:0.242, shut:0.242, best:0.212, house:0.203, unto:0.187, door:0.182"
422,A sickness of this world it most occasions,"world:0.408, occasions:0.287, forsake:0.287, wishfulness:0.287, condition:0.287, sickness:0.287, chief:0.287, deity:0.273, contented:0.240, foreign:0.234, best:0.210, die:0.194, far:0.190, men:0.186"
423,Superfluous were the sun,"superfluous:0.441, day:0.253, dateless:0.250, saves:0.250, excellence:0.250, inquire:0.238, periods:0.238, syllable:0.228, fame:0.209, despair:0.204, faith:0.196, stars:0.192, lie:0.189, drop:0.180, meet:0.177"
424,So proud she was to die,"cherished:0.376, satisfied:0.358, ashamed:0.358, desire:0.358, jealousy:0.358, proud:0.333, unknown:0.295, anguish:0.289, die:0.254"
425,FAREWELL.,"ready:0.364, used:0.339, mind:0.272, life:0.202, strings:0.191, bridges:0.191, firmest:0.191, horses:0.191, kiss:0.191, race:0.182, rapid:0.175, tie:0.175, fast:0.175, choice:0.175, ride:0.169"
426,"The dying need but little, dear, â","certainly:0.293, regret:0.293, fan:0.293, unobtrusive:0.293, wall:0.268, glass:0.259, color:0.259, rainbow:0.245, water:0.239, dying:0.234, dear:0.229, need:0.229, gone:0.208, flower:0.205, friend:0.200"
427,DEAD.,"quieter:0.286, kiss:0.286, idle:0.286, wears:0.286, inner:0.286, understand:0.273, neighbors:0.273, fled:0.246, breast:0.234, room:0.234, touch:0.217, simple:0.213, sleep:0.207, dead:0.198, birds:0.191"
428,"The soul should always stand ajar,","visitor:0.289, accomplished:0.289, bolt:0.289, slid:0.289, depart:0.275, inquire:0.275, shy:0.275, seek:0.264, ajar:0.255, guest:0.241, host:0.241, wait:0.236, stand:0.208, door:0.181, soul:0.173"
429,"Three weeks passed since I had seen her, â","gracious:0.517, weeks:0.258, dissent:0.258, singing:0.258, disease:0.258, borne:0.246, beheld:0.246, pleasure:0.237, company:0.222, people:0.207, sight:0.207, village:0.203, seen:0.179, passed:0.179, unto:0.167"
430,"I breathed enough to learn the trick,","trick:0.316, simulate:0.316, cunning:0.301, quite:0.301, breathed:0.301, descend:0.301, learn:0.280, feels:0.280, sure:0.258, cool:0.253, touch:0.239, breath:0.228, air:0.203"
431,I wonder if the sepulchre,"lonesome:0.383, hay:0.383, sepulchre:0.368, boys:0.355, june:0.345, fields:0.321, wonder:0.309, men:0.260, way:0.246"
432,JOY IN DEATH.,"gone:0.354, soul:0.299, heaven:0.286, proper:0.249, answered:0.249, sad:0.249, lonesome:0.237, tolling:0.237, cause:0.228, ring:0.228, news:0.209, bell:0.209, good:0.199, given:0.195, ask:0.192"
433,If I may have it when it's dead,"lock:0.407, thee:0.403, grave:0.318, face:0.251, death:0.249, weigh:0.214, belong:0.204, key:0.196, permitted:0.196, lover:0.196, contented:0.179, soon:0.179, hold:0.175, bliss:0.165, think:0.162"
434,"Before the ice is in the pools,","wonder:0.427, christmas:0.278, speaks:0.278, hems:0.278, ice:0.265, sings:0.254, pools:0.246, cheek:0.227, wear:0.227, fields:0.222, finished:0.222, touch:0.210, tree:0.200, snow:0.200, summer:0.159"
435,DYING.,"buzz:0.428, fly:0.329, signed:0.225, uncertain:0.225, dry:0.214, wrung:0.214, onset:0.214, form:0.214, king:0.193, windows:0.188, failed:0.188, storm:0.184, sure:0.184, power:0.176, blue:0.170"
436,Adrift! A little boat adrift!,"boat:0.616, adrift:0.324, little:0.316, yesterday:0.286, say:0.205, sailors:0.162, strife:0.162, sped:0.162, dusk:0.148, nearest:0.143, gales:0.143, brown:0.143, sails:0.139, dawn:0.132, gave:0.129"
437,There's been a death in the opposite house,"house:0.365, mourners:0.173, pod:0.173, appalling:0.173, mattress:0.173, flings:0.173, parade:0.173, opens:0.173, tassels:0.173, abrupt:0.173, neighbors:0.165, alway:0.165, somebody:0.165, sign:0.159, opposite:0.159"
438,"We never know we go, â when we are going","accost:0.386, bolts:0.386, jest:0.386, following:0.386, fate:0.332, shut:0.323, going:0.303, door:0.243, know:0.197"
439,THE SOUL'S STORM.,"fresh:0.254, slit:0.254, struck:0.242, maddest:0.242, beam:0.242, burned:0.242, brief:0.225, cloud:0.225, lightning:0.225, date:0.225, instant:0.212, dream:0.212, storm:0.207, sight:0.203, let:0.189"
440,Water is taught by thirst;,"mould:0.311, memorial:0.311, oceans:0.311, throe:0.285, taught:0.285, thirst:0.275, water:0.254, transport:0.249, peace:0.244, told:0.240, snow:0.225, land:0.219, passed:0.216, birds:0.208, love:0.198"
441,THIRST.,"water:0.446, intimates:0.273, termed:0.260, adequate:0.260, act:0.260, finer:0.242, thirst:0.242, want:0.235, west:0.229, later:0.229, going:0.214, great:0.214, immortality:0.210, die:0.185, fingers:0.181"
442,A clock stopped â not the mantel's;,"nods:0.435, skill:0.218, mantel:0.218, arrogance:0.218, gilded:0.218, bowing:0.218, decades:0.218, pendulum:0.218, trinket:0.218, quivered:0.207, figures:0.207, farthest:0.199, ca:0.193, clock:0.193, awe:0.182"
443,CHARLOTTE BRONTÃ'S GRAVE.,"overgrown:0.195, retire:0.195, returning:0.195, entered:0.195, gethsemane:0.195, quietly:0.195, weed:0.195, cunning:0.185, transporting:0.185, reached:0.185, puzzled:0.185, sharp:0.185, latitudes:0.185, nests:0.178, frosts:0.178"
444,A toad can die of light!,"toad:0.382, earl:0.349, thine:0.319, privilege:0.319, large:0.319, common:0.312, right:0.299, die:0.258, light:0.250, men:0.247, death:0.222"
445,Far from love the Heavenly Father,"meadow:0.303, claw:0.303, mild:0.303, guides:0.303, leads:0.277, realm:0.277, native:0.268, heavenly:0.268, child:0.243, father:0.222, land:0.213, friend:0.208, far:0.200, hand:0.196, love:0.192"
446,SLEEPING.,"sleep:0.401, long:0.376, stretch:0.278, hut:0.278, famous:0.265, idleness:0.265, independent:0.265, dawn:0.227, centuries:0.222, stir:0.222, makes:0.210, stone:0.207, noon:0.182, look:0.164, away:0.139"
447,RETROSPECT.,"thought:0.356, year:0.263, went:0.235, time:0.202, christmas:0.185, tassels:0.185, thanksgiving:0.185, grieved:0.185, wondered:0.185, corn:0.176, carried:0.176, sort:0.169, stooping:0.169, wanted:0.169, miss:0.164"
448,ETERNITY.,"little:0.195, heart:0.159, like:0.159, went:0.149, died:0.124, death:0.123, summer:0.121, know:0.120, heaven:0.108, thought:0.105, night:0.104, thee:0.103, life:0.099, came:0.098, come:0.097"
